Canonical Pathways,Cluster 1,Cluster 2,Cluster 3,Cluster 4,Cluster 5,Cluster 6,Cluster 7,Cluster 8,Cluster 9,Cluster 10,Cluster 11,Cluster 12,Cluster 13,Cluster 14
EIF2 Signaling,0.272096318,0,0.74106275,0.589707552,1.017191467,0,0,1.269064937,0,0,0.682724354,61.62395969,0,0
Mitochondrial Dysfunction,0.362061084,0,3.680183853,0,0.571955707,0,0.761888262,3.158435119,0.786448452,0.48007316,3.027667487,32.75030212,0,0
Oxidative Phosphorylation,0.673972064,0,1.798404982,0,0.241703605,0,0,1.07582186,0.679711425,0,0.337016139,46.87451405,0,0
Superpathway of Cholesterol Biosynthesis,0,0,0.495394493,0,0.700867713,0,0,1.162485285,30.4628959,0,0.374349709,0.289096034,0,0
Phagosome Formation,0,0,0,2.780629019,0.788939705,0.684710667,0,0,0,0,0,0,20.38940682,0.737689241
Sirtuin Signaling Pathway,1.033570428,0,1.38475905,0,0.41239971,2.608700924,0.404125973,4.435376951,0.897572067,3.179825999,3.253979391,12.43965829,0,0.213671896
Regulation of eIF4 and p70S6K Signaling,1.001878952,0,0.66350683,0.893769117,2.568165743,0.667054138,0,0.874361738,0,0.316482897,3.131088982,16.84903293,1.211406915,0
Granzyme A Signaling,0,0,1.1151078,0,0.951041792,0,0,1.592081772,0,0.275886653,0.262113008,14.97805927,0.755578425,0
Coronavirus Pathogenesis Pathway,0,0.789958655,0,0,0,1.408463278,0.417567934,0,0.455028976,2.226370846,1.694140485,13.59907168,1.351912545,0.317384468
mTOR Signaling,0.838431953,0,0.26943483,0.663088893,1.08844336,2.066021652,0,0.996305351,0,0.777413916,2.6026961,13.05126286,2.055500413,0
Zymosterol Biosynthesis,0,0,0,0,1.347932418,0,0,0,9.584783681,0,0.212472495,0,0,0
Mevalonate Pathway I,0,0,0.770594521,0,0,0,0,0.723018619,12.72243296,0,0.47221057,0.531640322,0,0
Superpathway of Geranylgeranyldiphosphate Biosynthesis I (via Mevalonate),0.257643275,0.265028771,0.6725394,0,0,0,0,1.540237426,14.43126111,0,0.298660602,0.442637955,0,0
Cholesterol Biosynthesis I,0,0,0,0,1.023571493,0,0,0.752067681,15.69605343,0,0.231090557,0,0,0
"Cholesterol Biosynthesis II (via 24,25-dihydrolanosterol)",0,0,0,0,1.023571493,0,0,0.752067681,15.69605343,0,0.231090557,0,0,0
Cholesterol Biosynthesis III (via Desmosterol),0,0,0,0,1.023571493,0,0,0.752067681,15.69605343,0,0.231090557,0,0,0
Protein Ubiquitination Pathway,10.13325046,0.559734001,4.126384497,0,0.806487173,1.373826211,0.751558874,6.783448995,0,0.363297784,5.298836079,1.744606265,0,0
Hepatic Fibrosis / Hepatic Stellate Cell Activation,0,0,0,8.270051926,0,0,9.364422856,0,0,1.317751303,0,0,3.396687261,0.892358775
Pulmonary Fibrosis Idiopathic Signaling Pathway,0,0,0,2.031861212,0.623306509,0.359518779,9.262159852,0.939976925,0,2.724342628,4.993492349,0,0.997472848,0
Neutrophil Extracellular Trap Signaling Pathway,0,0,0,3.206885954,0,0,1.908159659,0.417257888,0,0.746106824,0.365334978,8.269733457,9.590649336,0
Th1 and Th2 Activation Pathway,0,0,0,10.88205741,0.422561391,0,0.252079887,0,0,0,0.33547827,0,8.991550838,0
Th1 Pathway,0,0,0.319170743,9.83726319,0.622781074,0,0,0.264653036,0,0,0.280310979,0,5.366891284,0
Th2 Pathway,0,0,0.266615598,9.03534012,0,0,0,0,0,0,0,0,6.365386801,0
Role of Pattern Recognition Receptors in Recognition of Bacteria and Viruses,0,0,0,1.543646958,0,0,0.294876057,0.38723736,0,0,0.993987322,0,12.46947293,0.4038932
Fcγ Receptor-mediated Phagocytosis in Macrophages and Monocytes,0.406457403,0,0,4.149237756,0.289362853,0.80547737,0,0,0,0.838479064,0.527966911,0.390110916,11.56096602,0.583966721
Leukocyte Extravasation Signaling,0,0,0,6.789208907,0.737714641,0.369312281,3.56119206,0,0,0.959445163,2.088397193,0,8.151643407,0
Pathogen Induced Cytokine Storm Signaling Pathway,0,0,0,4.05142447,0,0,4.218341301,0,0.263308742,0,0,0,9.024702593,0
GP6 Signaling Pathway,0,0,0,3.826908746,0.597837101,1.193219905,3.312482532,0,0,0.74786126,1.34244985,0,6.774734685,0
Huntington's Disease Signaling,0.449809137,0.49360121,5.225602574,0.778020629,1.179929419,2.753701549,0.708459003,5.876868782,0,1.078215424,3.685953165,2.343158265,0.334241792,0
FAT10 Signaling Pathway,1.971787928,0,4.029991282,0,0,0.893326592,0,8.044879358,0,0,0,1.921755324,0,0
BAG2 Signaling Pathway,1.519426879,0,3.909994968,0,0,0.932588354,1.196156946,7.324491264,0,0,0.999650005,1.253055419,0,0.626251674
Molecular Mechanisms of Cancer,0,0.342453909,0,4.297710504,0.584953817,1.348826787,0.438417079,2.104479982,0,6.386381581,9.495987037,0,4.617470773,0.757475428
Role of Tissue Factor in Cancer,0.529084585,0,0,4.385807566,0.328385087,2.623737885,2.700961398,1.048093679,0,1.239407702,8.322778603,0,2.1522351,0
Hepatic Fibrosis Signaling Pathway,0,0,0,4.701459192,0.976346759,0.469247419,4.755609035,1.277952706,0,2.752510227,5.018751475,0,4.555690414,0
Unfolded protein response,0.253846406,0.269949669,0,0,0.822877519,3.055405984,0.591647037,4.227433548,1.810520027,0.361679585,5.182631809,0,0,0
AMPK Signaling,0.95673861,0,0,0.760921859,0.257613353,4.496072195,0,2.454374841,1.841215743,3.19734533,4.396872532,0,0,0.266384351
Mouse Embryonic Stem Cell Pluripotency,0.320207333,0,0,0.506131962,0.259960636,0,0.50538796,0.337942007,0,4.309083395,7.582789438,0,0.489739749,0
NGF Signaling,0.369287514,0,0,1.115364338,0,1.28944336,0,2.037480656,0,6.094610978,6.685426155,0,0.389839458,0.494817034
Autophagy,1.552141675,0,0,1.278777841,0,4.544673892,0.379525151,2.282902031,0,2.385655998,10.52395565,0,0.903950273,0
CLEAR Signaling Pathway,0.916863515,0,1.073993215,1.039423394,1.169640613,3.162950759,0,0.599920103,0.343310293,4.330731734,8.526061725,0.57154599,3.343018119,0.220994122
IGF-1 Signaling,0,0,0,1.314266548,0.25724393,0.688200163,1.556714763,0.687128694,0,1.556018685,10.32959855,0,0.482725246,0
MicroRNA Biogenesis Signaling Pathway,2.091715333,2.563495954,0.631181424,0.328554443,1.257839078,0.625771907,0,1.213088551,0.485667326,1.710625998,8.93469832,0,0.534085327,1.653432773
Epithelial Adherens Junction Signaling,3.279919077,0,0.465523452,2.002122753,0.47271117,1.212261621,0,1.067343069,0,0.737825717,9.843641759,0,0.729915526,0
HIPPO signaling,1.896449015,0,0.979052779,0.315646159,0.316244261,0.242520208,0,0.435936252,0,0.418514072,7.26625431,0,0,0.617347995
Senescence Pathway,2.813936556,1.048821557,0.444183143,1.238275378,0,1.445253047,0,1.838136426,0.328177416,0.984194392,7.173604967,0,1.187346069,0.208379456
HER-2 Signaling in Breast Cancer,0.709835758,0.42704514,1.092276481,1.178359276,1.518473975,0.872676553,0,1.683390919,0,1.04118782,7.418657566,4.301266281,2.32605398,0.783885458
Estrogen Receptor Signaling,0.372097473,0,0.758510403,1.057192966,0,0.900915536,0,4.332751964,0,2.872988378,4.670115535,6.410346053,0.775069268,0.42303553
Glucocorticoid Receptor Signaling,0.486978413,0,0.299043471,0.860021795,0.339903141,0,0.982068191,1.544712976,0,0.967897851,2.304765559,5.065659876,0.479385294,0
NRF2-mediated Oxidative Stress Response,0.335381968,0,1.863263749,0.538779157,0,0.560775135,0,3.048787219,0,0.39323084,4.096341996,3.564756312,1.052104057,0
Role Of Osteoclasts In Rheumatoid Arthritis Signaling Pathway,0,0,0,4.58617782,0,0.818933154,5.093642079,1.37243652,0,1.129393921,1.43335828,0,4.460564414,0
Granulocyte Adhesion and Diapedesis,0,0,0,2.00713871,0,0,5.123588416,0,0,0,0,0,6.066426732,0
Atherosclerosis Signaling,0,0,0,0.971152711,0,0,4.809958787,0,0,1.018919274,0,1.336580989,3.585813975,0.458510894
Agranulocyte Adhesion and Diapedesis,0,0,0,3.174594485,0.321523024,0.727516184,3.972026387,0,0,0,0,0,4.214656076,0.30848913
Tumor Microenvironment Pathway,0,0,0,2.663636665,0.804532431,0.681413323,5.349264404,0.888850289,0,0,0.332845922,0,2.594396046,0.358637386
Wound Healing Signaling Pathway,0,0,0,1.300885431,0.240651468,0.700700128,5.373729961,0.286085677,0,0.673213837,0.594152048,0,0.446853094,0
BEX2 Signaling Pathway,0.827980917,0,0,0,0.887624496,2.007550065,3.564246352,0.909767945,0,3.004215151,0.509350061,0,0,0.63540024
Osteoarthritis Pathway,0,1.0944644,0,1.102275645,2.641101199,0,3.561039614,0.850610034,0,1.413635929,1.613365663,0,2.660319984,0.273659866
Role Of Chondrocytes In Rheumatoid Arthritis Signaling Pathway,0.377048278,0,0.25429407,0.560757424,1.638112843,1.418312799,3.042799738,0.456389008,0,0.674490849,0.752818881,0,1.255670845,0
Coagulation System,0,0,0,2.388264334,2.622784951,0.740093615,2.192353847,0.389087355,0,0,1.218887469,0,0.837112361,0
HGF Signaling,0.284745927,0.479542048,0,2.445309948,1.731333357,1.129451449,0.375525659,0.504376811,0,0.838362751,5.489258076,0,4.292088472,0.461147273
Colorectal Cancer Metastasis Signaling,0,0,0,1.848111672,0,1.392932719,0.760509075,2.116166792,0,2.803671478,3.995230923,0,5.22789532,0.234591329
GM-CSF Signaling,0.720025949,0,0.217840538,0.419404162,0.381759236,0.691912074,0,1.689700496,0,0.518077487,3.550584895,0,6.048468556,0
VEGF Family Ligand-Receptor Interactions,0,0,0,1.130191983,0,0.252348776,0.220954727,0.448824727,0,1.400539363,2.756939542,0,4.463333333,0
Fc Epsilon RI Signaling,0,0,0,1.139693687,0,0,0,0.279238697,0,1.692323859,3.884054329,0,5.519069238,0
Pyroptosis Signaling Pathway,0,0,0,0.592644639,0,0,0.571626889,0.793404041,0,0.470786827,1.858374313,0,7.569754474,0
S100 Family Signaling Pathway,0,0,0,1.438619268,0,0,1.36219455,0.440021267,0,0,0,0,8.275447981,0
Neuroinflammation Signaling Pathway,0,0,0,2.968887242,0.360761123,0.39068626,1.230576159,0.477443734,0,0,1.389237503,0,7.844114028,0
Role of Hypercytokinemia/hyperchemokinemia in the Pathogenesis of Influenza,0,0,0,0.315646159,0,0,0.619828185,0.865041059,0,0,0,0,3.596592076,0
IL-10 Signaling,0,0.314551554,0,0.780395069,0.483611999,0,0.300777727,2.077660408,0,1.400747525,0.394435493,0.279664606,5.027699122,0.40822996
Toll-like Receptor Signaling,0,0.370595322,0,0,0.92301027,0.601865162,0.240994215,1.537414531,0,1.31149561,0.453757974,0.902201376,3.893232848,0.654481611
TREM1 Signaling,0,0,0,3.208573356,0.350880454,1.03602814,0.690310344,0.497839325,0,1.053825886,0,0,6.595205821,0.659425155
CREB Signaling in Neurons,0,0,0,1.655677857,0,0,0,0,0,0,0,0,6.990438545,0.234962859
Multiple Sclerosis Signaling Pathway,0,0.32459915,0.249826613,0.616922825,0,0.911692434,0.652500816,0.376144812,0,0,0,0,6.469367751,0
Breast Cancer Regulation by Stathmin1,0,0,0,1.231245971,0,0,0.496026006,0.966948178,0,0,0.423581625,0,5.743879321,0.243907945
G-Protein Coupled Receptor Signaling,0,0,0,1.83716187,0,0,0,0.603019244,0,0.333188227,1.323890156,0,4.733598116,0.406914092
Complement System,0,0,0.41092142,1.493430433,0.607742443,0.70319838,0.477904825,0,0,0,1.849229223,0,5.23354255,0
Inflammasome pathway,0,0,0,2.225157087,0,0,0.706945727,1.454602976,0,0,0.238605582,0,4.500885012,0
MSP-RON Signaling Pathway,0,0,0,2.330439201,0,0,0.328104989,0,0,0,0,0,3.919130725,0
FAK Signaling,0,0,0,2.324961399,0,0,0.613160304,0,0,0,0,0,5.626681848,0
Macrophage Alternative Activation Signaling Pathway,0,0,0,2.493076075,0.373312614,0.612585846,0.471097602,0.271547125,0.481890492,0.86007226,0.462771064,0.304211181,5.377272442,0.341264141
IL-8 Signaling,0,0,0,6.972720485,0.665538293,1.012519168,1.098612855,4.109115681,0,1.000619583,2.307900254,0,6.830056506,0
Natural Killer Cell Signaling,0.301506692,0,0,8.123361726,0,0,0.770557985,1.119042915,0,2.14669576,1.901080287,0,4.49376637,0.326643267
Signaling by Rho Family GTPases,0,0,0,6.714762323,0.477574724,1.121964385,0.480951913,1.327488617,0,2.416644826,2.306612698,0,5.317437192,0.238671838
RHOGDI Signaling,0,0,0.254587196,6.668618735,0.627059514,0.927775752,0,0.954109966,0,0.994959978,0.404969901,0,4.587271123,0.294414548
Actin Cytoskeleton Signaling,0.300355421,0,0.656248227,5.371038527,1.404235339,1.021473749,0.561633325,0.525881568,0,0.336135238,1.553949531,0.406438667,5.244222117,0.735504063
IL-15 Production,0,0,0,5.427688195,0,0,1.342641981,0.261140819,0,2.448461427,0,0,5.329824484,2.139982848
Sperm Motility,0,0,0,5.684138367,0,0.461537873,1.204898552,1.044828328,0,1.026271687,1.078479805,0,6.17736377,0.70135427
IL-12 Signaling and Production in Macrophages,0,0,0,4.941376028,0.268421896,0,0.592980264,0.560635117,0,2.305029144,1.283883883,0.281396196,6.079649286,0.757714463
HMGB1 Signaling,0,0,0,2.887157493,0,0.774399064,0.564075478,0.343761836,0,0.905584787,1.192222456,0,2.285312384,0.999550098
Crosstalk between Dendritic Cells and Natural Killer Cells,0,0,0,3.492226474,0,0,0.200176095,0,0,0.348598301,0,0,2.724588785,0.596087725
Prostanoid Biosynthesis,0,0,0,3.142193599,0,0.696615401,0,0,0,0,0,0,1.823385398,0
Regulation of Actin-based Motility by Rho,0.884230979,0,1.180773022,4.941648393,0.660142194,0.326522875,0.448638388,0.290770552,0,0.451705254,0.378702396,0.814555435,2.758889479,0
"PD-1, PD-L1 cancer immunotherapy pathway",0,0,0,5.244251256,0.25192193,0.371559011,0,0,0,0,1.453604808,0,1.758334363,0
Primary Immunodeficiency Signaling,0.3195091,0,0,4.848308918,0,0,0,0.660006406,0,0,0,0,0.979321402,0
RAR Activation,0,0,0,4.623762959,0,0.451786127,2.574925179,1.563385745,0.223536548,0.991565306,1.648835455,0,0.90042133,0.398880009
Axonal Guidance Signaling,0,0,0.444455333,4.372131169,0.262065192,2.59926252,3.300453124,1.094968815,0,2.276768364,0.880497523,0,1.978872645,0
Germ Cell-Sertoli Cell Junction Signaling,0.33167709,0,0.410134325,4.668164693,0,0.750002923,0.94049937,1.376625063,0,2.514853669,4.404429262,0,1.329669584,0
PAK Signaling,0,0,0.697259285,4.124689072,0.649160253,0,2.040339451,0.283024418,0,0.753390709,4.348561531,0,2.121162287,0
Ephrin Receptor Signaling,0,0,0.301872366,3.324383474,1.159861045,1.431336397,2.170605768,1.496097278,0,1.557297571,3.424360698,0,1.776716051,0
ID1 Signaling Pathway,0,0,0,3.918107602,0.702619083,1.442917682,2.780933333,1.094822917,0,2.31929832,4.367218942,0,3.258763022,0
HIF1α Signaling,0,0,0,2.687996972,1.123432359,0.308301921,1.112283269,0.701993512,0,2.643636466,2.165681596,0,4.259640097,0.311415203
STAT3 Pathway,0,0,0,3.609762898,0.560631464,0,1.79214186,0.487778862,0,2.963957727,3.063118531,0,3.533459851,0
"Role of Osteoblasts, Osteoclasts and Chondrocytes in Rheumatoid Arthritis",0.385598809,0,0,1.93762146,0,0.403587619,3.039020257,0,0,2.284773188,2.954917476,0,1.479955911,0
"Role of Macrophages, Fibroblasts and Endothelial Cells in Rheumatoid Arthritis",0.315185958,0,0,1.970315289,0.33202656,0.34000878,2.965058254,1.944639998,0,2.34438807,2.645651077,0,3.57295528,0
Activin Inhibin Signaling Pathway,0,0,0,2.545531267,0.306140874,0.276477373,3.1912842,0.652908543,0,1.047537999,2.043455819,0,2.472792199,0
Pulmonary Healing Signaling Pathway,0,0,0,2.335163133,0,0,3.463393035,1.110904435,0,1.025414477,2.532146994,0,3.297470755,0
Cardiac Hypertrophy Signaling,0.451311112,0,0,3.33286101,0,0.890786687,0,2.714374543,0,2.847755061,2.739286198,0,1.515858115,0.244966069
Thrombin Signaling,0,0,0,3.99561674,0,1.532518702,0,1.70375882,0,3.842264115,2.608665754,0,3.347807356,0.287706226
Cardiac Hypertrophy Signaling (Enhanced),0,0,0,5.292642285,0,0.369029953,0.425237216,2.479887176,0,3.140281114,3.36636969,0,3.043648693,0.283604538
Production of Nitric Oxide and Reactive Oxygen Species in Macrophages,0.877951008,0,0.610592758,4.773546723,0,1.56428941,0,0.265816854,0,2.955406393,2.398907672,0.71883374,4.045689241,0.337935547
Semaphorin Neuronal Repulsive Signaling Pathway,0,0,0.498753181,5.255520736,0.498643685,0.929104223,0.650600133,0,0.565711504,1.765548122,1.77561375,0,3.171214883,0
Glioma Invasiveness Signaling,0,0,0,4.165387353,1.736314577,0.315033651,0.725266315,0.528906978,0,0.300628777,2.857010711,0,3.29255687,0
Actin Nucleation by ARP-WASP Complex,1.296790556,0,0.45912246,4.185767212,0.800435476,0,0,0.793404041,0,0.6504336,2.157518066,0,3.364136926,0
fMLP Signaling in Neutrophils,0.920779064,0,0,4.409129402,0,0.777400079,0,1.86252781,0,0.51737693,4.377778068,0,3.63921695,0.463808232
RAC Signaling,0.407878304,0.275220312,0.266615598,3.55810123,1.058455215,0.441260295,0,1.266517252,0,1.142354225,4.289599814,0,4.144750387,0.448203836
Gαq Signaling,0,0,0,4.017551687,0,2.318182597,0,2.394810829,0,1.452848367,2.603624341,0,3.323422038,0.986640948
Integrin Signaling,0.491235201,0,0.825624583,3.688863359,0.657621637,2.095031145,0.699034709,1.010813154,0,0.965821088,4.025889369,0,3.055271803,0.305601075
CXCR4 Signaling,0,0,0,3.447510994,0,2.354121439,0.262088775,1.397493985,0,1.279451647,3.876315551,0,3.366877121,0.379282223
Serotonin Degradation,0,0,0.610158066,0,3.646893539,0.321558912,1.359209891,0,0,0,0.603752384,0,0,0
Nicotine Degradation II,0,0,0,0,4.911556134,0.356627974,1.437433759,0,0,0,0.760084925,0,0,0
Thyroid Hormone Metabolism II (via Conjugation and/or Degradation),0,0,0,0,4.835238418,0.220469612,0.442117848,0,0,0,0,0,0,0
Superpathway of Melatonin Degradation,0,0,0.225539271,0,4.874174988,0.716916043,0.280008924,0,0,0,0.386987805,0,0,0
Nicotine Degradation III,0,0,0,0,5.235001914,0.422608681,0.322798159,0,0,0,0.622263339,0,0,0
Melatonin Degradation I,0,0,0,0,5.067559861,0.387944779,0.302736769,0,0,0,0.352846734,0,0,0
Oleate Biosynthesis II (Animals),0,0,0,0,0,0,0.877977139,0,5.606229992,0,0.231090557,0.558734417,0,0
"Trans, trans-farnesyl Diphosphate Biosynthesis",0.69867758,0,0,0,0,0,0,0,4.363643882,0,0,0,0,0
LXR/RXR Activation,0,0.811447367,0.655050819,0.388160818,1.832782196,1.247161358,0.412269234,0.558155606,2.652375324,2.118516918,0,1.081327377,2.575562938,0.486028565
TR/RXR Activation,0,0,0,0.67650785,0.870721281,1.407858827,0.634602741,0.887034452,4.52791861,1.110782907,2.402312071,0,0.657917448,0.626251674
DHCR24 Signaling Pathway,0,0,0.266615598,0.58782147,1.678599542,1.936587875,0.356797808,0.477055094,3.701467758,2.531201872,2.943555085,0.914321402,2.290876117,0
Immunogenic Cell Death Signaling Pathway,0,0,0.935229,2.806766546,0,0.224100495,1.12531518,4.227433548,0,0.361679585,0.623917653,0,2.752248524,0
Spliceosomal Cycle,0.782364429,0,0.320179142,0,2.207130268,0,0,4.073512234,0,2.408384192,0.546660522,2.91410866,0,0
tRNA Charging,1.049961592,0,1.029697891,0.280866412,1.44836816,0.233885837,0,5.810875132,0,0.554082928,1.676782684,0,0,0
MYC Mediated Apoptosis Signaling,0,0.444958208,0.313969434,1.168213053,0,0,0.988587361,4.023413704,0,1.874725467,1.973868254,0,0,0
Apoptosis Signaling,0.320207333,0.340847306,0.39875469,0.506131962,0,1.085896498,0.50538796,4.593958399,0,1.902167454,3.102155897,0,0,0.546590304
IL-1 Signaling,0.387567711,0,0,0.567462474,0,1.696063834,0,4.874938176,0,2.247244944,1.985651118,0,0.550209024,0.576131919
FXR/RXR Activation,0,0.536924832,0.304090136,0,1.797978501,2.144804332,0.39956119,0,0,3.813943185,0.316729137,2.95346287,0,0
WNT/β-catenin Signaling,0.455618425,0,0,0,0,1.028205687,2.521434795,0,0,6.539920528,1.339127808,0,0.365020893,0
Opioid Signaling Pathway,0,0,0,1.395319454,0,1.308948498,0,1.604577,0,3.905382982,1.398545505,0,2.94306523,0
Acute Myeloid Leukemia Signaling,0.247044367,0,0.471278937,1.031785347,0.815292984,0.483146657,0.200176095,1.328738826,0,6.46169283,1.968616497,0,3.428232661,0.596087725
BER (Base Excision Repair) Pathway,0.520571976,0.248421787,0.94184562,0,0.543477482,1.791345583,0,1.559955822,0,4.673005039,1.313822823,0.531417204,0,0
Induction of Apoptosis by HIV1,0,0.278112941,0.674990738,0.459929047,0,0,0.803297185,3.388691756,0,4.883963207,1.338387175,0.669288162,0,0.725051602
PPAR Signaling,0,0.765440803,0,0.843560241,0,0,0.954091907,3.698436054,0,3.23569917,1.226191973,0.309182377,0,1.335221046
iNOS Signaling,0,0.489950318,0,1.932511026,0,0,0,2.285731193,0,3.099556822,0.853046307,0.492895503,0.640501843,0.853847569
WNT/Ca+ pathway,0,0,0,0.451450243,0,0,0.288810131,1.123531009,0,4.205999823,0.795316477,0.314759111,0,0.719085498
CD27 Signaling in Lymphocytes,0.624256037,0.649529302,0.27484209,1.034995572,0,0,0.333536774,1.990603472,0,5.11821245,0.919032439,0.387319661,0,0.776761883
Hypoxia Signaling in the Cardiovascular System,4.63616468,0.652535178,2.478886508,0,0.355061705,0,0.248193997,1.573551781,0,2.093234632,0.862629518,0.542701413,0,0
Inhibition of ARE-Mediated mRNA Degradation Pathway,5.080583297,0,2.235676158,0,0,1.982908929,0,3.131274134,0,0.65830502,3.306426373,0.978559357,0,0.391295851
Cell Cycle Regulation by BTG Family Proteins,3.70822439,0,1.048903531,0,0,1.286254191,0.468528045,0.362230313,0,0.338354505,0.498202548,0,0.281938762,0
Cyclins and Cell Cycle Regulation,2.935690148,0.812531914,0.510261626,1.11542978,0,1.934915012,0.21782496,0.44232265,0,0.614288733,2.335452238,0,0,0
3-phosphoinositide Biosynthesis,3.5458039,0,0.539624826,1.377874761,0.330709795,1.385969431,0,0,0,0.610360213,2.709628614,0,1.72716371,0
Superpathway of Inositol Phosphate Compounds,2.825029457,0.384807834,0.429507273,1.86504258,0.272136002,1.79827831,0,0,0.407959621,0.924960052,2.257447343,0,1.419245393,0
Role of CHK Proteins in Cell Cycle Checkpoint Control,4.44212987,0.345672439,0.269804085,0,0.445173072,2.035385373,0,0.235836428,0,0,2.511177118,0,0,0
D-myo-inositol-5-phosphate Metabolism,3.845485808,0,0.585878537,1.106951048,0.35503663,1.502312888,0,0.252028664,0.469043458,0.483315676,1.573888561,0.276964304,1.06803344,0
3-phosphoinositide Degradation,4.473525159,0,0.610592758,0.816224476,0.367980213,1.975959981,0,0,0.478161716,0.324274297,2.167320934,0.29617543,0.78532032,0
"D-myo-inositol (3,4,5,6)-tetrakisphosphate Biosynthesis",4.380821855,0,0.669069998,0.901938174,0.39847302,1.317015716,0.233302066,0,0,0.325070345,1.933153169,0.343038238,0.869598804,0
"D-myo-inositol (1,4,5,6)-Tetrakisphosphate Biosynthesis",4.380821855,0,0.669069998,0.901938174,0.39847302,1.317015716,0.233302066,0,0,0.325070345,1.933153169,0.343038238,0.869598804,0
Myelination Signaling Pathway,0.447815373,0,0,2.413676048,2.429668522,1.20500762,1.173583835,0.934502468,2.306013296,3.717893427,4.677796102,0,1.276194141,0
PTEN Signaling,0,0.333432782,0,3.850496004,0.963241727,0.610640997,1.08167822,2.122459497,0,2.616294406,5.07779996,0,3.767083714,0.414870468
Chronic Myeloid Leukemia Signaling,0.355879328,0.525779323,0,2.601444405,0.786832167,1.327174044,1.483500871,2.503238969,0,2.851813553,5.309654589,0,1.710661971,0.227663353
PI3K/AKT Signaling,0.423927857,0.630640369,0,1.8586108,0.706892326,0.544827341,0,3.06358958,0,2.925180284,6.143777798,0,2.746965786,0.323515231
Iron homeostasis signaling pathway,0,0,1.44032394,0,1.051234255,0.714134524,0.721304867,0,0,1.601751527,3.194654917,2.657135914,0.892278365,0
Hereditary Breast Cancer Signaling,1.030815598,0.586544013,0.540055117,0.883724194,2.326846892,1.40435681,0,1.212842472,0,1.745958809,4.281441936,0.567788253,0.533932958,0
"NER (Nucleotide Excision Repair, Enhanced Pathway)",1.006472996,0.471588703,0.935229,0,1.500562218,0.853705548,0,0.411492163,0.761672332,2.955317152,4.712374484,1.629210751,0,0
Acute Phase Response Signaling,0,0,0.641759768,1.211724671,3.251948571,1.642273807,0,0.846159318,0,1.765036536,3.782236746,0.518494331,2.491413441,0.348064142
Clathrin-mediated Endocytosis Signaling,0.37264215,0,1.682318496,0.450395086,2.953453092,1.739366308,0.404446644,0,0.448272155,2.368028795,3.123040576,1.47696455,1.702954582,0
Sumoylation Pathway,0.785178562,0,0,0.513367757,0.262715487,0.708001353,0,2.354328357,0,3.911847095,4.76664684,0,1.310087093,0
Endocannabinoid Developing Neuron Pathway,0.317484825,0,0,0.661903599,0.597837101,2.124802059,0,3.195505161,0,2.977220383,4.313235135,0,1.004255141,0
Aldosterone Signaling in Epithelial Cells,0,0,0,0.970216237,0,1.826056095,0.926982699,3.576952599,0,0.401024178,4.959283635,0,0.93681605,0
Endometrial Cancer Signaling,0,0,0.260092762,0.505448648,0.433512933,1.354909077,0.317611946,2.704605041,0,0.754659992,4.693247503,0,0.962956029,0
JAK/STAT Signaling,0,0,0,1.713646366,0.887624496,0.960803194,0,2.120728691,0,1.475017664,5.105578573,0,0.678219886,0.63540024
PPARα/RXRα Activation,0.317798604,0,0,1.116064833,0,0.84020635,0,3.147936079,0,2.238982643,6.925618608,0,0.28478041,0.331416108
Prostate Cancer Signaling,0.251740333,0.671972357,0,0.774181327,0.234391352,1.379072177,0,2.796207014,0,1.834618856,5.915316502,0,0.424398776,0.513213307
p53 Signaling,0,1.239649424,0,0.25706692,0,0.76037798,1.653166673,0.746803265,0,0.74774283,7.289349273,0,1.387305259,0.568484272
Ribonucleotide Reductase Signaling Pathway,0.33167709,1.22173335,0,0,0.851561911,1.068678951,1.415211832,0.957440892,0,1.9476911,7.502361357,0,0,0
Ferroptosis Signaling Pathway,0.449716589,0,0.597328865,0,0.574214009,0.768005712,0,1.847612367,1.500533433,0,5.489258076,0.389940847,0.602241937,0
Endoplasmic Reticulum Stress Pathway,0,0.222457965,0,0,0.82823665,0,0,2.449458746,0,0.235368746,5.117021078,0.390567034,0,0
Role of BRCA1 in DNA Damage Response,1.631474342,0.594555293,0,0,1.632105196,0.581574852,0,0.476050233,0,0.723008554,5.341506564,0.230615995,0,0
ATM Signaling,1.919612255,0.871812412,0,0,0,1.142551514,0,0.357244956,0,1.435862356,5.526047075,0,0,0.561016162
Cell Cycle Control of Chromosomal Replication,0.641916302,0.368016971,0.773495704,0,0.457341747,0.893326592,0,1.295077751,0,0.611032333,4.679422851,0,0,0.783781132
Cell Cycle: G2/M DNA Damage Checkpoint Regulation,0.760316684,0.444958208,0,0,0,0.515655724,0,0,0,0,5.595532082,0,0.206229588,0.828986436
Valine Degradation I,0,0.235587781,0.632289094,0,0,0,0,0.586762895,0,0.256044616,5.422678351,0,0,0
Non-Small Cell Lung Cancer Signaling,0.406457403,0.429880405,0.453190623,1.488322773,0,1.73656992,0,0.783797415,0,1.982284809,6.211683404,0,0.566635743,0
ERK5 Signaling,0.391689886,0,0,0,0,0,0.255678183,1.008907263,0,1.151546782,7.297397246,0.263138407,0,0.67470109
Insulin Receptor Signaling,0,0.411969188,0.550982428,0.307625608,0.538915215,1.035136464,0,1.733628043,0.591395989,1.071715882,6.905470206,0,0.546898254,0
UVA-Induced MAPK Signaling,0,0.621295395,0,0.551364952,0.277090126,1.172183766,0,1.232165432,0,1.815945751,7.289349273,0,0.534329093,0
GDNF Family Ligand-Receptor Interactions,0,0,0,2.508520281,0,0,0.248193997,0.982803276,0,0.82243428,6.987993167,0,1.229459086,0
CNTF Signaling,0,0,0.27484209,0.535531494,1.153439207,0.441350011,0,0.68223365,0,0.84378925,7.671001379,0,1.01320754,0
Prolactin Signaling,0,0,0.447353476,1.471337722,0.286226503,0,0,0.38322655,0,0.611432338,7.697017183,0,1.993686875,0
ERBB Signaling,0,0,0,1.005652976,0.292546337,0.467360273,0,0.394244006,0,0.862660682,7.413600315,0,1.470323267,0
Renal Cell Carcinoma Signaling,0,0,0.553468242,0.729283449,0.342729753,0.591618006,0,0.483177009,0,0.74676385,5.995950758,1.347452734,1.179880654,0
Neurotrophin/TRK Signaling,0,0,0,0.363186009,0,0,0,0.957609895,0,1.31149561,6.12955186,0.240936219,0.72116032,0
Melanocyte Development and Pigmentation Signaling,0,0,0,0.943787133,0,0.430347207,0,1.232165432,0,1.504470437,6.241382793,0,1.387305259,0
WNK Renal Signaling Pathway,0.30522567,0,0,0.492004076,0.254564607,0,0,0,0,0.431762133,5.826790654,0,1.776531227,0.539619445
UVB-Induced MAPK Signaling,0,0,0,1.127767178,0.483359306,0,0.362738957,0,0,1.015889798,5.897407183,0.436201623,1.751340445,0
Role of NANOG in Mammalian Embryonic Stem Cell Pluripotency,0.525131657,0,0,0.686091295,0.211976747,0,0,0.257680324,0,0.806132364,4.958577834,0,1.037502538,0
Apelin Pancreas Signaling Pathway,0,0.230090469,0,0.668413936,0,0,0.403043355,0.825970161,0,0.624124756,4.993292866,0,1.232576354,0.862516568
Xenobiotic Metabolism Signaling,0.528254714,0,0.466779071,0.505460188,1.134455057,0,0.406833782,0.570746424,0,2.454532723,4.827103526,0.369537629,0.947933342,0.619739743
PDGF Signaling,0.275374944,0,0,1.086632029,0.846283122,0.51655381,1.159952102,0.429662696,0,1.602029541,6.569986866,0,1.059671416,0
FLT3 Signaling in Hematopoietic Progenitor Cells,0,0,0,0.338447358,0.887624496,0.960803194,0,0.909767945,0,2.176502234,5.613463312,0,1.676857571,0
EGF Signaling,0,0,0.280007669,1.05266784,1.166836196,0.893326592,0,0.245491788,0,1.954595328,5.863943122,0,0.53290149,0
Renin-Angiotensin Signaling,0,0,0,1.566899399,0.218403327,0.296549853,0.421013294,0.972266862,0,2.197807359,6.111535203,0,2.044430702,0.491858388
MSP-RON Signaling In Cancer Cells Pathway,0,0,0,0.902365014,0.538915215,0.42349386,0.708893839,1.233975889,0,2.740768133,5.19866533,0,1.723556388,0.440714141
ERK/MAPK Signaling,0.827855505,0,0.501316541,1.675340891,1.082745974,0.693380199,0,0.663496416,0,1.467259663,5.763200159,0,2.042078594,0.301338664
Insulin Secretion Signaling Pathway,0,0,0.537858061,1.837308737,0.810485677,0.398196032,0,1.289036842,0.358274142,1.442873735,5.05831048,0,1.41236419,0
ILK Signaling,0,0,0.304752597,2.304981438,1.166078623,2.262665786,0.754559496,0.742857415,0,1.581658805,1.79525847,0.909401758,1.383281547,2.400469898
Tight Junction Signaling,0.793129245,0,1.498521854,1.273328155,0.804532431,2.644371739,1.335179509,0.558254458,0,1.454091767,1.555845955,0.347636412,0,1.702877839
Virus Entry via Endocytic Pathways,0,0,0.335116772,1.613691707,1.893156344,2.890724424,0,0.279238697,0,1.161566407,2.530746598,0,1.572788126,0
Caveolar-mediated Endocytosis Signaling,0,0,0.199997733,1.866658551,1.7053853,1.591233498,0.251899542,0.995738316,0,0,1.128616356,0,1.828869983,0
CDK5 Signaling,1.536032874,0,1.180773022,0,0.232017567,2.969735466,0.885680579,0.611584908,0,0.793756548,1.592049645,0,0,0
Amyloid Processing,0,0,1.527525324,0,0.490245578,1.578558468,0.974209825,0.75564818,0,1.815816867,1.213996987,0,0.20116783,0
Ceramide Signaling,0.987381106,0,0,0.610160775,0,3.023792816,0.200176095,0.813069766,0,2.116523714,3.346924734,0,0.592356767,0.596087725
Polyamine Regulation in Colon Cancer,0.3195091,0,0.264889087,0,0.439281634,3.493944427,0.322798159,0.660006406,0,2.672972399,2.040760613,0.369628149,0,0
Role of JAK2 in Hormone-like Cytokine Signaling,0,0,0,0.95249212,0.422327439,0,1.523109466,1.865680433,0,0.969090199,0.725098834,0,0,0
Role of JAK family kinases in IL-6-type Cytokine Signaling,0,0.608530048,0,2.424626663,0.913957991,0,1.96532773,2.937080551,0,0.993093047,1.46102859,0,0,0
NAD Signaling Pathway,0,1.900436482,0.226149918,0.265039129,0,0.364386114,0,2.711156859,0,1.480942272,3.662529463,0,0.479493511,0
Small Cell Lung Cancer Signaling,0,2.591970398,0.441608923,2.016671336,0,1.202736168,1.060333799,1.842932482,0,1.897380722,2.29014075,0,0.256393739,0.576131919
Death Receptor Signaling,0,1.674531633,0.874265816,2.016671336,0,0.444748022,0.552493088,1.842932482,0,1.897380722,2.29014075,0.376312424,0,0.576131919
Endocannabinoid Cancer Inhibition Pathway,0,0.360230723,0,0.838956634,0,2.773640785,2.259956134,1.161878,0,3.126520476,5.014364218,0,1.185587619,0
Sertoli Cell-Sertoli Cell Junction Signaling,0,0,0.290632117,1.782789326,0.681718567,1.765556967,2.12580147,1.456902451,0,3.006815402,3.493264363,0,0.250000651,0.85041763
Pancreatic Adenocarcinoma Signaling,0,1.048554774,0.304090136,1.492524037,1.142711348,2.692822226,0.801716229,0.925071181,0,2.322703358,3.655417247,0,0.647737997,0.477495417
Glioma Signaling,0,0,0.641670093,2.020342195,0.607650091,1.664542507,0.80891492,0.54565879,0,2.708448751,4.473827094,0,1.026281722,0
Sphingosine-1-phosphate Signaling,0,0,0,3.342857142,0,2.269763801,0.846174279,0.577527115,0,1.919769398,2.719895649,0,1.541694154,0
CD40 Signaling,0,0.496158577,0,3.580449352,0.396245965,0.356627974,0.28436322,0.580394522,0,3.075636952,1.838878756,0.307716814,0.858033514,0.713218761
Adrenomedullin signaling pathway,0,0,0,2.335163133,0,0.808558637,1.176328187,0.754992527,0,4.66798101,3.035046317,0,1.041575542,0.325073938
RANK Signaling in Osteoclasts,1.343050507,0.262906492,0,2.126145212,0,0.483146657,0.584871445,0.813069766,0,3.788743517,2.968862116,0,1.005341243,0.596087725
Reelin Signaling in Neurons,0,0,0.562165298,2.907147058,0.547467692,0.714134524,0.721304867,0,0,3.186145576,3.194654917,0,1.292474321,0
Glioblastoma Multiforme Signaling,0,0,0,3.382102972,0,0.742047042,1.406028189,0.949534367,0,3.109737273,3.388759167,0,0.945598076,0
GNRH Signaling,0,0,0,0.816224476,0,0.378282373,0,1.610242216,0,3.953139302,2.642598471,0,0.78532032,0.337935547
Role of NFAT in Cardiac Hypertrophy,0.409942678,0,0,1.987705705,0,0.421356828,0,0.927043969,0,2.672426683,3.136727949,0,2.369029476,0
Regulation of the Epithelial-Mesenchymal Transition Pathway,0,0,0,1.496441327,0.357582052,0,1.206190414,0.779904826,0,2.806920936,3.23482506,0,1.867238627,0.331416108
Cholecystokinin/Gastrin-mediated Signaling,0,0,0,1.597906334,0,0.30620674,0.42998399,0.991960416,0,1.957079899,3.448001147,0,1.557146715,0
Angiopoietin Signaling,0,0.652535178,0,1.843670176,0,0,0,0.982803276,0,2.498086981,3.417318917,0,1.229459086,0.66444161
IL-6 Signaling,0,0.326131237,0,1.949701718,0.201785192,0.492524423,0.387320992,1.358568012,0,2.531915166,3.116728649,0,0.98276676,0.469205428
DNA Double-Strand Break Repair by Non-Homologous End Joining,0.911340118,0,0,0,0,0,0,2.978751877,0,0,3.562655534,0,0,0
RAN Signaling,0.773326247,0,0,0,0.91355289,0.498517547,0,0.648056731,0,0,3.615984347,0.462459014,0,0
Mitotic Roles of Polo-Like Kinase,2.066016241,0.496158577,0.229519109,0,0,1.209979404,0.782672643,1.108228693,0,0,2.560516446,0,0,0.713218761
Synaptic Long Term Potentiation,0.657153421,0,0.282963656,0.623659367,0,0.248800249,0,1.323112499,0,0.658802459,2.076205929,0,0.329480759,0
Telomere Extension by Telomerase,1.593345389,0,0,0,0,0,0,1.691057437,0,0,2.506715649,0,0,0
Superpathway of Methionine Degradation,1.4536256,0,0.36900377,0,0,0.621595301,0,1.612662938,0,0.268474707,2.729898294,0.559281085,0,0
Adipogenesis pathway,0.580874459,0.856125547,0,0.911849057,0.543169563,0,1.742765775,0,0.59408056,2.449780414,3.790289012,0,0,0.443188465
Extrinsic Prothrombin Activation Pathway,0,0,0,0.581230744,0.938263165,1.318277541,1.893933172,0,0,0.761408847,2.314972124,0,0,0
Regulation of Cellular Mechanics by Calpain Protease,0,0.471588703,0.935229,1.558849974,0.822877519,1.821327126,1.12531518,0.411492163,0,0,2.025892314,0,1.018593966,0
Synaptogenesis Signaling Pathway,0,0,1.234809372,1.119628301,0.657141096,1.30290584,1.242327874,1.002337367,0,0.550653073,3.268660234,0,0.806969707,0
Aryl Hydrocarbon Receptor Signaling,0,0,0,0.74127494,0,0.554802536,1.019259526,1.049529581,0,1.505710363,4.13227097,1.010377208,0,0.397518761
Role of MAPK Signaling in Promoting the Pathogenesis of Influenza,0,0,0,0,0,0.331820532,0.893869214,1.043379508,0,1.540477002,3.818314754,1.648201894,0.424398776,0
BMP signaling pathway,1.343050507,0,0,0.289578828,0,0,0.200176095,1.935810656,0,1.452648886,3.746762704,0,0.592356767,0.596087725
Estrogen-Dependent Breast Cancer Signaling,0,0,1.01376748,0.686679711,0,0.552616208,0.224141961,1.452090344,0.79378285,1.437318654,3.626567028,0,0.667975498,0.630794606
FGF Signaling,0,0,0,1.100911757,0.854310832,0.242520208,0.214751223,0.435936252,0,1.329640527,4.209643914,0,0.305279929,0
TGF-β Signaling,0.897373996,0,0,1.454600076,0.283136257,0.444748022,0.552493088,0.377855716,0,1.284269987,4.132885366,0,0.550209024,0
Melanoma Signaling,0.427066518,0,0.313969434,0.61542706,0,1.606588296,0,1.417737018,0,0.520882238,4.383975654,0,1.145555226,0
Antiproliferative Role of Somatostatin Receptor 2,0.361080499,0,0,1.240906729,0,0.612321949,0,0.970095825,0,0.39584461,4.21052943,0,1.212635874,0
ERB2-ERBB3 Signaling,0,0,0.237753827,0.90721629,0.406372877,0.756548772,0.293352609,1.139137838,0,1.166447407,4.588137262,0,0.886402194,0
Xenobiotic Metabolism General Signaling Pathway,0.759160846,0.389005319,0.534684893,0.874564154,1.61840632,0.406463084,0,0,0,1.714594996,2.608620665,0.560307535,1.231800561,0
Salvage Pathways of Pyrimidine Ribonucleotides,0.378448187,0.401015953,0.435954933,1.438104501,0,1.676255173,0,0.755843149,0.732189986,1.539904084,2.550668444,0,0.25200751,0
Pyridoxal 5'-phosphate Salvage Pathway,0.264033877,0.844994058,0.674990738,1.466806638,0,1.249193389,0.293352609,0.205653806,0,1.166447407,3.600441583,0,0,0
Ovarian Cancer Signaling,0.413324212,0,0,0.459691862,0,0.852625192,1.026812812,1.05839299,0,2.058104498,4.200134859,0,1.068193211,0
UVC-Induced MAPK Signaling,0.738977124,0,0,0.20687586,0,0.983469462,0.369025731,0.75564818,0,2.26793015,2.72789641,0,1.125199974,0
Necroptosis Signaling Pathway,0.42858557,0.302514473,0.819693047,0.764487326,0,0.57510135,0,0.69234879,0,2.12558819,2.235363529,1.043271389,0.737613483,0
Role of p14/p19ARF in Tumor Suppression,0,0,0,0.962539692,0,0.845738996,0,0,0,1.300049584,2.091865196,0.279113471,0.946604771,0
IL-17A Signaling in Airway Cells,0,0,0,1.425447676,0.396245965,0.356627974,0.28436322,0.580394522,0,2.171473448,2.184933734,0,0.431070755,0.713218761
Factors Promoting Cardiogenesis in Vertebrates,0,0,0,1.155848349,0,0,0.634249295,0.712319043,0,1.674920059,2.375801618,0,0.761232368,0
Circadian Rhythm Signaling,0,0,0,1.166797936,0,0.414244887,0,0.973416426,0,2.389054789,2.474803131,0,0.831903401,0
GADD45 Signaling,0.574386664,0.598733148,0.260092762,0.984376291,0,0.413602942,1.559743451,0.649269391,0,1.037549064,2.751730633,0,0,0.756486158
Oncostatin M Signaling,0.247306121,0,0.361392013,0.252834489,0.551898424,0.606856359,1.099977542,0.873005728,0,0.71474374,2.620728495,0,0.697896445,0
Docosahexaenoic Acid (DHA) Signaling,0,0,0,0.795532026,0,0.240989199,0.468528045,0.961263365,0,1.276768201,3.219280084,0,0.780479813,0
Thyroid Cancer Signaling,0.342031248,0,0,0.356808107,0.342729753,0.591618006,0.237496177,0.945339649,0,0.993093047,2.764115064,0,1.179880654,0
Role of MAPK Signaling in Inhibiting the Pathogenesis of Influenza,0,0,0,0,0,0.278912195,1.260306397,0.945339649,0,1.593898932,1.46102859,0.887596042,0.710120355,0
Inhibition of Angiogenesis by TSP1,0,0.368611025,0,0.32220339,0,0.759597169,1.279417806,0,0,1.510448448,2.649416494,0,0.857378581,0
Role of MAPK Signaling in the Pathogenesis of Influenza,0,0,0,0,0,0.543336837,1.874855013,0.448824727,0,1.110782907,2.402312071,0.467914838,0.657917448,0
Telomerase Signaling,1.329466889,0,0.379215287,1.782725882,0,2.548134786,0,1.643778833,0,0.55797107,4.310922997,0,1.740373175,0.53280184
Chemokine Signaling,0.323992795,0,0,0.707588377,0,0.267929522,0.657683962,0.921423974,0,1.513662461,1.937920159,0,2.324587353,0
Oxytocin In Brain Signaling Pathway,0,0,0,1.452098268,0,0.55066929,0,1.526280156,0,0.451045476,1.666643927,0,3.297470755,0
Ephrin B Signaling,0,0,0.210472319,1.328855488,0,1.659241953,0.734399997,2.358761124,0,0.934505114,2.186308252,0,2.579471136,0
G Beta Gamma Signaling,0,0,0,0.357432964,0,1.16724079,0,1.892829537,0,0.29057787,2.223413031,0,2.448350144,0
Role of PKR in Interferon Induction and Antiviral Response,0,0.444555043,0.269798796,0.940976046,1.065745607,0.447352267,1.212313724,3.000916726,0,1.16677871,2.701179256,0,1.317699148,0.450745546
PEDF Signaling,0.298702901,0,0,1.673089556,0,0.543336837,0.220954727,2.798882527,0,2.465294709,3.537314721,0,0.657917448,0.626251674
14-3-3-mediated Signaling,0,0,0.300448132,1.034861988,0,2.124802059,0.794598693,1.923775968,0,1.676189713,3.584944171,0,1.438549457,0
P2Y Purigenic Receptor Signaling Pathway,0,0,0,0.971152711,0,1.117159407,0,3.063891969,0,1.75979553,2.872978852,0,1.834101434,0.458510894
Protein Kinase A Signaling,0.869096975,0.313805172,0,1.607422369,0,1.118609253,0.334709877,2.441504587,0,1.672757056,3.488941227,0,1.537019461,0.420411592
α-Adrenergic Signaling,0,0,0,0.823026804,0,1.459376917,0,2.909069175,0,0.391672127,3.457150061,0,1.722643143,0.529448722
Relaxin Signaling,0,0,0,1.556792205,0,1.236126643,0,2.640249676,0,0.61239275,3.109229056,0,1.098877777,0.406052714
Transcriptional Regulatory Network in Embryonic Stem Cells,0.979185955,0,0,1.442929357,0.448443659,0,0.578314499,0,0,0.962832486,3.192767775,0,1.843154736,1.012739241
eNOS Signaling,0,0,0,1.124106171,0,0.34035619,1.552181067,1.07638098,0,0.461663217,3.668322431,0,1.963993287,0
Ephrin A Signaling,0,0,0.333130456,1.232967703,0,0,0.395870646,0.296066153,0,0.369181906,2.672943589,0,1.900156281,0
SPINK1 General Cancer Pathway,0,0,0,0.851168898,0.386498055,0.342091229,0,0.562528485,0,0,3.650584973,0.619586874,1.974845606,0
Nitric Oxide Signaling in the Cardiovascular System,0,0,0,2.701805313,0,0,0.846174279,0.577527115,0,0,2.719895649,0,2.642379176,0
Endothelin-1 Signaling,0,0,0,2.412623918,0,1.164639179,0.792496473,0.486055828,0,1.531177981,3.015495284,0,2.852021164,0
Serotonin Receptor Signaling,0,0,0,2.09186746,0.317662701,0.788599552,0.396669461,1.031995707,0,0.87059322,3.468018521,0,3.475456671,0
Gap Junction Signaling,0,0,0,3.402456251,0,1.124550574,0,1.536495161,0,0.873165226,3.355413041,0,1.050317789,0
Leptin Signaling in Obesity,0,0,0,1.843670176,0.355061705,1.051935173,0,0.505382348,0,0.82243428,2.618896789,0,0.743883393,0
Type II Diabetes Mellitus Signaling,0,0,0,2.06602522,0,1.260502023,0,0.400095229,0,1.199600911,3.536152606,0,0.761232368,0.410425174
IL-7 Signaling Pathway,0,0,0,2.452131895,0,0.601865162,0.681944983,0.490438817,0,1.023035744,3.239221808,0,1.196112378,0
IL-2 Signaling,0,0,0.250839853,2.963973666,0,0.798960234,0,0.62850618,0,0.969090199,3.92733742,0,1.501794934,0
Apelin Cardiomyocyte Signaling Pathway,0,0,0,2.569812085,0,1.157255071,0,0,0,1.192097636,2.754271033,0,1.910916857,0
Role of JAK1 and JAK3 in γc Cytokine Signaling,0.448736464,0,0.221647313,2.721765075,0.386498055,0,0,0,0,1.027886493,3.207369314,0,1.974845606,0
Macropinocytosis Signaling,0.371003815,0,0,2.508520281,1.690279594,0,0.248193997,0.505382348,0,0.82243428,3.854557686,0,3.186295436,0
IL-3 Signaling,0.882623664,0,0,1.207887328,0.913957991,1.005099078,0,0.483177009,0,0.74676385,4.006166385,0,3.085164944,0
Neuregulin Signaling,0,0,0.339246027,1.152092949,1.905604736,0.922960064,0.869595771,1.012144558,0,1.188356765,3.592017114,0,2.711485511,0
Growth Hormone Signaling,0,0,0,2.658145375,0.377107021,0.679809883,0.267474107,0,0,1.589673644,4.889950411,0,1.318372454,0.690688284
Paxillin Signaling,0,0.317833071,0,2.381744387,0.70675947,0.669015852,0.489056343,0,0,0.760477835,4.82101628,0,2.32983654,0.536191848
Human Embryonic Stem Cell Pluripotency,0.285960357,0,0,1.845729917,0,0,1.640120149,0.455791538,0,1.581658805,4.367218942,0,2.239210896,0
Regulation Of The Epithelial Mesenchymal Transition By Growth Factors Pathway,0,0,0,1.965347433,0.365347717,0.373771117,1.726619509,0.799169605,0,2.334640386,4.61340396,0,1.907591537,0.336288654
ERBB4 Signaling,0,0,0.646098283,0.864746456,0.391326063,0,0,1.093221595,0,0.371666393,5.271990927,0,2.706138073,0
Thrombopoietin Signaling,0,0,0.246375622,0.937071364,0.416902989,0,0.302736769,0.618464258,0,0.936534977,4.314512119,0,2.87827789,0
Apelin Endothelial Signaling Pathway,0,0,0,1.755223543,0,1.023967123,0.342601539,2.281026996,0,1.513066236,4.728043426,0,3.382376379,0.438261631
CCR3 Signaling in Eosinophils,0.272555074,0,0,2.405648309,0,0.459799515,0,1.818240143,0,0.799271899,4.520836507,0,1.817798413,0
Oxytocin Signaling Pathway,0,0,0,1.060858515,0,0.751350868,0,2.001819844,0,1.431540921,5.083459745,0,2.051610502,0.641664937
LPS-stimulated MAPK Signaling,0.503373274,0,0,1.653294488,0,0.247380628,0.21782496,1.419819544,0,1.682093428,4.771612121,0,2.222769025,0.62176995
NF-κB Activation by Viruses,0,0,0,1.798863075,0.346770425,0.284592405,0.240994215,1.537414531,0,0.771238127,3.239221808,0,2.405333982,0.654481611
Gα12/13 Signaling,0,0,0,0.971152711,0,0.46615776,0.371688995,1.832850605,0,1.242797494,4.223697435,0,2.367969409,0.458510894
VEGF Signaling,0,0,0.424910828,1.405819056,0,0.423339949,0.534188987,1.790175436,0,0.944116545,3.869636116,0.356589872,1.910916857,0
TCA Cycle II (Eukaryotic),0,0.198872066,2.480841127,0,0,0,0,2.334618581,0,0,1.88137906,0.360866222,0,0
Phagosome Maturation,0,0.263624654,3.487360504,0.433748423,0.451814254,0.808204252,0.275226219,1.451318125,0,0.283079189,1.712865922,1.708128956,0.685483037,0
Cell Cycle: G1/S Checkpoint Regulation,1.544256628,2.639740441,0.225539271,1.40537524,0,1.190976121,0.772653588,0,0,0.558925763,1.467576037,0,0,0
DNA Methylation and Transcriptional Repression Signaling,1.560718978,2.05070567,0.430389538,0.551364952,0,1.172183766,0.540201445,0,0,2.523115642,2.486438748,0.363038032,0,0.568484272
Kinetochore Metaphase Signaling Pathway,2.474505182,1.324037035,0.365305606,0,0.682893096,0,0,0,0,0,2.041680389,0.859948666,0,0.522850453
Cleavage and Polyadenylation of Pre-mRNA,1.026259163,1.896531818,0,0,1.056706728,0,0,0,0,0,1.664955717,0,0,0
Glycolysis I,0,0,0.549037783,1.950455293,0,1.759473073,0,2.230621512,1.289347775,0,0,0.334374415,0,0
Sphingomyelin Metabolism,0,0,0,0,0,3.251576464,0,0,0,0.794655407,0.479809239,0,0,0
Pentose Phosphate Pathway (Oxidative Branch),0,0,0,0,0,2.327571302,0,0,1.979388298,0.420986128,0,0,0,0
Pentose Phosphate Pathway,0,0.419704831,0.866947222,0,0,2.803884728,0,0,1.63965043,0,0,0,0,0
Glutaryl-CoA Degradation,0,0.265028771,0.6725394,0,0,0,0,1.540237426,1.428896427,0,0.954157436,1.148280403,2.331450506,0
Tryptophan Degradation III (Eukaryotic),0,0,0.549037783,0,0,0,0,1.277209413,1.289347775,0.397333496,1.206231333,0.903843611,1.924563635,0
Gluconeogenesis I,0,0.539954708,0.549037783,0,0,0.976402976,0,2.230621512,2.898217886,0,0.293892055,0.334374415,0,0
γ-linolenate Biosynthesis II (Animals),0,0,0,0,0,1.183264116,0,0,3.138837851,0.608132725,0.874352765,0.424137418,0,0
Ketogenesis,0,0.419704831,0.866947222,0,0,0,0,0.818323163,3.626793164,0,0.677398224,0.621037719,0,0
Pyrimidine Ribonucleotides De Novo Biosynthesis,0.556735868,0,0,0,0,1.18020342,0.433840702,0.889606651,1.071583804,1.476042293,1.448464816,0.559281085,0.253174926,0
Triacylglycerol Biosynthesis,0.660129451,0,0,0,0,0.461126442,0,0.70552707,2.221094519,1.230380182,1.292455335,0,0,0
Isoleucine Degradation I,0,0.281594886,1.68452284,0,0,0,0,0.648056731,1.453273892,0.331370515,2.142480149,0.462459014,0,0
Estrogen Biosynthesis,0,0,1.619612507,0,0.519509843,0,0.395870646,0.296066153,1.024946608,0,1.134500403,0,0.222408696,0
Acetyl-CoA Biosynthesis I (Pyruvate Dehydrogenase Complex),0,0,1.051977454,0,0,0,0,0,1.834155768,0,1.159158093,0,0,0
Sucrose Degradation V (Mammalian),0,0,0.948477699,0,0,0.737679366,0,0.899146224,1.725906236,0.711272662,0,0,0,0
Acetate Conversion to Acetyl-CoA,0,0,0,1.042574458,0,0,0,0,1.979388298,0.420986128,0.801055032,0,0,0
Acetyl-CoA Biosynthesis III (from Citrate),0,0,0,0,0,0,0,0,2.676565588,0,0,0,0,0
Epoxysqualene Biosynthesis,0,0,0,0,0,0,0,0,2.375983984,0,0,0,0,0
Androgen Biosynthesis,0,0.235587781,0.632289094,0,0,0,0,0.586762895,1.384030748,0.256044616,0.238605582,0,0,0
α-tocopherol Degradation,0.480150118,0.489335054,0,0,0,0,0,0,1.725906236,0,0,0,0,0
Role of Lipids/Lipid Rafts in the Pathogenesis of Influenza,0,0,0,0,0,0,0,0,1.324669558,0,0,0,0.442974991,0
Glucocorticoid Biosynthesis,0,0,0,0,0,0,0,0,1.567993564,0,0,0,0,0
Mineralocorticoid Biosynthesis,0,0,0,0,0,0,0,0,1.60230884,0,0,0,0,0
"Tryptophan Degradation X (Mammalian, via Tryptamine)",0,0,1.310036196,0,0,0.34229582,1.461690695,0.477820664,0,0.346234137,0.443079657,0.310583899,0,0
Retinoate Biosynthesis I,0,0,1.748794601,0.727992172,0,0.21412962,1.972457098,0.889606651,1.071583804,0,0,0,0,0
The Visual Cycle,0,0,0.579805197,0.45068892,0,0.394268682,1.591595684,1.342836885,1.324669558,0,0,0.360866222,0,0
Ketolysis,0,0.45237132,0,0,0,0,0.984976343,0.856556283,1.680596001,0,0.354317065,0.6572736,0,0
HOTAIR Regulatory Pathway,0.377313887,0,0,1.455101875,0.451814254,0.309360469,2.680152341,0.648133722,0,0.802944531,0.820897691,0,1.411513713,1.017199632
Role Of Osteoblasts In Rheumatoid Arthritis Signaling Pathway,0,0,0,1.750476688,0.254118335,0,2.268191563,0,0,1.441179401,0.361680856,0,0.99779748,0
ABRA Signaling Pathway,0,0,0.465151153,1.523057304,0,0.47518006,2.478228487,0.39989489,0,1.417410727,0.574247947,0.404458874,0.27480758,0
Apelin Liver Signaling Pathway,0,0,0,1.040024376,0,0,2.514439837,0,0,1.03076071,0.713025404,0,0.388837293,0
CSDE1 Signaling Pathway,0.351716565,0.667502385,0,1.05266784,1.166836196,0.451103942,1.637591174,0,0.952827918,0.396524848,0.963056828,0.396543828,0.53290149,0
Airway Pathology in Chronic Obstructive Pulmonary Disease,0,0,0,1.139693687,0,0,1.397783438,0,0,0,0,0,0,0
Inhibition of Matrix Metalloproteases,0,0,0,1.434810342,0,0.668864144,1.173749583,0,0,0,0,0,0.274352956,0
Intrinsic Prothrombin Activation Pathway,0,0,0,0.727992172,0.560552262,0.621595301,1.972457098,0,0,0.268474707,0.574826397,0,0.253174926,0
Differential Regulation of Cytokine Production in Intestinal Epithelial Cells by IL-17A and IL-17F,0,0,0,0,0,0,1.591595684,0,0,0,0,0,0,0
IL-17 Signaling,0,0,0,0.557215342,0,0,1.777148848,0.518433223,0,0,0.491990801,0,0.534085327,0
Notch Signaling,0,0.659550339,0.401977926,3.157621083,1.469090944,0.240989199,0.468528045,0.362230313,0,0,0,0.21360196,0.281938762,0
FAT10 Cancer Signaling Pathway,0.760316684,0,0,1.840564714,0.497296808,1.00295692,0,0.768984134,0,1.094224223,1.60302348,0,0.601645595,0.828986436
Hepatic Cholestasis,0,0.715526489,0,1.542264312,0.367980213,0.873099427,0,1.177902804,0,1.385566619,0.277581486,0,1.493618676,0.337935547
Lymphotoxin β Receptor Signaling,0,1.075118317,0.285305634,1.701672248,0,0.910444721,0,1.314353417,0,1.59919918,1.612461956,0,1.048729632,0
PFKFB4 Signaling Pathway,0,0,0,2.691473574,0,0.53976431,0,0.796717678,1.016245075,1.998873103,1.746498096,0.480850047,0.216842651,0
Semaphorin Signaling in Neurons,0,0,0.716409048,3.001333615,0,0.813763811,0.312542226,0.222253455,0.91788749,1.686918857,0.994332249,0,0.946958148,0
IL-9 Signaling,0,0,0,3.326786879,0.628718815,0,0,0.389087355,0,1.447809803,2.040470151,0,0.837112361,0.973802321
IL-13 Signaling Pathway,0,0,0,2.79510209,0.654619403,0.321314402,0,0.286867997,0,0.592250432,1.796081914,0,1.132575842,0
Tumoricidal Function of Hepatic Natural Killer Cells,0,0,0.56404729,3.010164749,0,0,0.636846041,1.309237691,0,1.212592836,1.292519569,0,1.112028441,0
RHOA Signaling,0.755951117,0,1.086906924,2.612582584,0.211976747,0.527708276,0.81619612,0.551866409,0,1.242354941,1.686876969,0.72163813,1.481708252,0
N-acetylglucosamine Degradation II,0,0,0,2.684172982,0,0,0,0,0,0.49866763,0.328813427,0,0,0
UDP-N-acetyl-D-galactosamine Biosynthesis II,0,0,0,2.783276387,0,0,0.877977139,0,0,0.476116956,0.9588193,0,0.651075079,0
Trehalose Degradation II (Trehalase),0,0,0,2.15641139,0,0,1.13289615,0,0,0.31234226,0,0,0.895463672,0
Leukotriene Biosynthesis,0,0.319238132,0,1.500544767,0,0.543721885,0,0,0,0,0,1.290981847,0.596971609,0
Antigen Presentation Pathway,0,0,0.393329093,1.434810342,0.588028664,0,0,0.942506702,0,0,0,0.206868591,0.274352956,0
Asparagine Degradation I,0,0,0,1.428296522,0,0,0,0,0,0.760261329,0,0,0,0
Netrin Signaling,0.686260147,0,0,1.328855488,0,0.321558912,0.263463234,0,0,0.313747438,0.603752384,0,0,0
Choline Biosynthesis III,0.311284403,0.319238132,0,0,0.964671173,0.543721885,0,0.696183038,0,0,0,0,1.482880441,0
Role of PI3K/AKT Signaling in the Pathogenesis of Influenza,0,0,0,0.451450243,0.401260585,0.743042283,0,0.589610554,0,0.845087004,1.287026443,0,1.416178189,0.719085498
cAMP-mediated signaling,0,0,0,0.338878809,0,0,0,0.331047823,0,0.314189904,1.134640552,0,1.399589638,0.273659866
Neurovascular Coupling Signaling Pathway,0,0,0,0.825385892,0,0,0.334483686,0,0,0,0.345782763,0,1.439188156,0
Pathogenesis of Multiple Sclerosis,0,0,0,0,0,0,0,0,0,0,0.411288518,0,1.914773699,0
Role of IL-17A in Psoriasis,0,0,0,0,0,0,0,0,0,0.433717638,0,0,1.539552291,0
Macrophage Classical Activation Signaling Pathway,0,0,0,1.56575121,0,0,0,0.508956829,0.481890492,0,0,0,2.425418189,0
Eicosanoid Signaling,0,0,0,1.98790227,0,0.691912074,0.27156701,0,0,0,0,0.607856895,1.949393795,0
CDX Gastrointestinal Cancer Signaling Pathway,0.280938562,0,0,1.419774775,0,0,0,0,0,0.662946822,0,0,1.776716051,0.32042925
Cellular Effects of Sildenafil (Viagra),0,0,0,2.115557427,0,0.369393884,0,0,0,0,0,0,1.5790113,0.417121043
TEC Kinase Signaling,0,0,0,1.575385816,0,0,0,0,0,0,0,0,1.49413366,0
IL-23 Signaling Pathway,0,0.230090469,0,1.964785327,0.527292737,0,0,0.302532032,0,0.624124756,0.899517607,0,1.232576354,0.862516568
MSP-RON Signaling In Macrophages Pathway,0,0,0,1.597906334,0.222825287,0,0,0.991960416,0,0.280502204,1.427478635,0,2.082349136,0.497805496
Erythropoietin Signaling Pathway,0,0,0,1.715290915,0,0.255525205,0.240157489,1.306391618,0,0.899462685,1.623813334,0,1.664570447,0.362265907
NOD1/2 Signaling Pathway,0,0,0,0.831151146,0,0,0.820938526,1.632059683,0,0.341471524,0.2978041,0,2.425418189,0
IL-33 Signaling Pathway,0,0,0,1.201774714,0.381483605,0,1.276778426,1.665435896,0.48757409,0.36867979,0.507137682,0,1.16146194,0
Glucose and Glucose-1-phosphate Degradation,0,0.364404389,0,1.618915901,0,0,0.877977139,0.752067681,0,0,0.531327196,0,1.601013846,0
GDP-glucose Biosynthesis,0,0,0,1.686091662,0,0,0.910428752,0.783686185,0,0,0.599124335,0,1.668070124,0
Maturity Onset Diabetes of Young (MODY) Signaling,0,0,0,0,0,0,0,1.519791082,0,1.94623228,0,0.887596042,0.710120355,0.64960911
Antioxidant Action of Vitamin C,0,0.269795137,0,0,0.234391352,0.606385668,0.453456918,1.554970327,0,2.153871049,0.394847096,1.648201894,1.637310707,0.513213307
TWEAK Signaling,0.314447593,0.682385158,0.41092142,0.296467746,0,0.248375956,0.477904825,1.758691723,0,2.301995812,1.088291908,0.220614913,0,0.951017929
Role of IL-17F in Allergic Inflammatory Airway Diseases,0,0,0,0,0,0.552368469,0.395870646,1.486084487,0,2.064315822,0.853046307,0,0,0.853847569
TNFR1 Signaling,0,0.766155895,0.307927325,0.20687586,0,0,0,2.159375484,0,2.26793015,1.895743464,0.446863388,0.20116783,0.821055913
Androgen Signaling,0.337874737,0,0,0,0.432047385,0.492242723,0,2.410243033,0,1.478392693,1.703014488,0.397038692,0.387261106,0.99091351
4-1BB Signaling in T Lymphocytes,0,1.258949247,0,0.32220339,0,0.272408322,0.507987121,1.042774919,0,2.569300905,1.290030554,0.243502845,0,0.985716287
B Cell Activating Factor Signaling,0,0.961278011,0,1.327997716,0,0.606856359,0.425805627,0.873005728,0,2.351286299,1.379520517,0.545116737,0,0.889790796
April Mediated Signaling,0,0.989639705,0,1.353505976,0,1.18020342,0.433840702,0.889606651,0,2.430009006,1.110644713,0.559281085,0,0.899337556
p38 MAPK Signaling,0,0.39393113,0,0.404583343,0,0.557776678,0.425469812,1.472322587,0,2.945430457,1.388649174,0,0.389839458,0
Melatonin Signaling,0,0,0,0.40442403,0,1.118710514,0,1.035973466,0,1.908889583,1.264148238,0,0.392801464,0
Granzyme B Signaling,0,0,0,1.447901432,0,0,0,1.637298254,0,2.694412224,1.677964481,0,0,0
Interferon Signaling,0,0,0,1.524215013,0,0,0.487594751,1.000648872,0,1.857384696,1.151729463,0,0,0
IL-22 Signaling,0,0,0,0.436020778,0.775063756,1.006436078,0.636846041,0,0,3.045918362,1.292519569,0.347253905,0,0
Role of IL-17A in Arthritis,0,0,0,0.535531494,0,0,0.894604428,0.240601138,0,2.817061148,1.486575067,0,0.522461179,0.776761883
Assembly of RNA Polymerase III Complex,0,0.340744023,0.770594521,0,0,1.425820964,0,0,0,2.210195627,0,0.531640322,0,0
Salvage Pathways of Pyrimidine Deoxyribonucleotides,0,0,0.948477699,0.803411955,0,0.737679366,0,0,0,1.381069477,0,0,0,0
IL-17A Signaling in Fibroblasts,0.301949951,0.659550339,0,0.28852296,0.597736148,0.240989199,1.193580828,0.961263365,0,2.220439074,0.310504172,0.621084595,0,0.940110184
Activation of IRF by Cytosolic Pattern Recognition Receptors,0,0.844994058,0.674990738,0,0.406372877,0,0.293352609,0.599023245,0,1.874030961,1.069139866,0,0,0.725051602
Role of RIG1-like Receptors in Antiviral Innate Immunity,0,0.506066291,0.339887781,0.668413936,0,0,0,0.825970161,0,2.637909368,0.285013684,0,0,0.862516568
Regulation Of The Epithelial Mesenchymal Transition In Development Pathway,0,0.505500969,0,0,0.312699043,0,0.612615973,0.429662696,0,2.309356231,0.403489593,0,0.628815519,0.612984418
MIF-mediated Glucocorticoid Regulation,0,0.339999089,0,0.304717242,0,0.256062569,0,0.379813635,0,1.857384696,0.36186733,0.227923894,0.29798986,0.96224268
MIF Regulation of Innate Immunity,0,0.540141235,0,0.246411853,0,0.202125142,0.418001301,0.316065369,0,2.275502115,0.506794391,0.531417204,0.24024369,0.880478636
White Adipose Tissue Browning Pathway,0,0.427972664,0,0.580925842,0,0,0.721304867,0,0,1.601751527,0.678842731,0,0.892278365,0
IL-17A Signaling in Gastric Cells,0,0,0,0,0,0.354297158,0.606599404,0.491179006,0,1.577220709,1.126172242,0.322168571,0,0
Role of WNT/GSK-3β Signaling in the Pathogenesis of Influenza,0,0,0,0,0,0,0.240994215,0,0,1.994051561,1.006119047,0,0,0.654481611
γ-glutamyl Cycle,0.356054416,0,0,0.659614829,0,0.596644639,0,0,0,1.601845006,0.531327196,0,0,0
"D-myo-inositol (1,4,5)-Trisphosphate Biosynthesis",0,0,0,0.408850803,0,0.947807227,0,0.491179006,0,2.146390282,0,0,0.401373206,0
Glycoaminoglycan-protein Linkage Region Biosynthesis,0,0,0,0,0,0,0,0,0,2.719303639,0,0,0,0
Basal Cell Carcinoma Signaling,0,0.434375551,0,0,0,0,0.263463234,0,0,2.30681467,0.310491419,0,0.392801464,0
4-hydroxyproline Degradation I,0,0,0,0,0,0,0,0,0,2.0823465,0,0,0,0
NAD biosynthesis II (from tryptophan),0,0.364404389,0,0,0,0,0,0,0,1.601845006,0.231090557,0,0,0
Hypusine Biosynthesis,0,0,0,0,0,0,0,0,0,1.63237395,0,0,0,0
Proline Degradation,0,0,0,0,0,0,0,0,0,1.63237395,0,0,0,0
Thiosulfate Disproportionation III (Rhodanese),0,0,0,0,0,0,0,0,0,1.63237395,0.422551177,0,0,0
Arginine Degradation I (Arginase Pathway),0,0,0,0,0,0,0,0,0,1.358267676,0.328813427,0,0,0
Oxidized GTP and dGTP Detoxification,0,0,0,0,0,0,0,0,0,1.358267676,0.328813427,0,0,0
Vitamin-C Transport,0,0,0.579805197,0,0.791942863,0.394268682,0,1.342836885,0,0,0.964722973,1.742283938,0.442974991,0
Alanine Biosynthesis III,0,0,0,0,0,0,0,0,0,0,0,1.609867038,0,0
Spermine Biosynthesis,0,0,0,0,0,0,0,0,0,0,0.566546716,1.314192976,0,0
Glutathione Redox Reactions I,0,0,0.507940132,0.384207123,0,0.330872874,0.578913324,0.465050527,0,0.323363692,0,2.336041113,0.376884177,0
Ascorbate Recycling (Cytosolic),0,0,0,0,0,0,0,0,0,0,0,2.75048403,0,0
Glutathione-mediated Detoxification,0.314447593,0.326670234,0.41092142,0.296467746,0,0,0,0,0,0,0,2.699533274,0,0
Nucleotide Excision Repair Pathway,0.341272905,0.73102099,0.429759725,0,1.535100791,0.264066887,0,0,0,0.679392793,1.218887469,1.986793129,0,0
Assembly of RNA Polymerase II Complex,1.179102669,0.444958208,0.313969434,0,0.497296808,0,0,0,0,1.094224223,1.60302348,2.125883196,0,0
Xenobiotic Metabolism AHR Signaling Pathway,0,0.292215003,0,0,2.351964798,0,0.612615973,0.854310775,0,1.02159088,1.345042743,1.200280794,0,1.498227536
Xenobiotic Metabolism CAR Signaling Pathway,0.334868299,0,0,0.310104883,1.794691188,0,0.459812431,0.262998547,0,0.529268424,1.33440316,0.992181265,0.50711616,0.336288654
Xenobiotic Metabolism PXR Signaling Pathway,0,0,0.948205661,0.306540693,1.785899199,0,0,0.490547824,0,0.307801283,1.305561267,0.982624967,0.501889273,0.334653197
Folate Polyglutamylation,0,0,1.192435758,1.042574458,1.425472435,0,0,0,0,0.420986128,0,0,0,0
"Tetrahydrofolate Salvage from 5,10-methenyltetrahydrofolate",0.69867758,0,0,1.042574458,1.425472435,0,0,0,0,0,0,0,1.033331574,0
Lactose Degradation III,0,0,0,0,1.425472435,0,0,0,0,0,0.262217291,0,0,0
Ubiquinol-10 Biosynthesis (Eukaryotic),0,0,0,0.351219294,1.633574338,0.299676859,0,0,0,0,0,0.269592113,0,0
Pregnenolone Biosynthesis,0,0,0,0.396237274,1.747107948,0.34229582,0,0,0,0,0,0,0,0
Histidine Degradation VI,0,0,0,0.384207123,1.717078356,0.330872874,0,0,0,0,0,0,0,0
Dopamine Receptor Signaling,2.093890599,0,3.178265859,0,0,0.990061449,0,0.476050233,0,0,0.411512906,0.230615995,0,0
D-glucuronate Degradation I,0,0,2.990817438,1.135424723,0,0,0,0,0,0,0.328813427,0,0,0
Acyl-CoA Hydrolysis,0,0.929656256,3.129859232,0,0,0,0,0.723018619,0,0.433717638,0,0,0.622919346,0
Methylglyoxal Degradation III,0,0,3.152467818,0.351219294,0,0,0.541425957,1.111865591,0,0,0,0.269592113,0,0
GDP-mannose Biosynthesis,0,0,2.600475752,0,0,0,0,1.065686928,0,0.360708585,0.212472495,0,0,0
CMP-N-acetylneuraminate Biosynthesis I (Eukaryotes),0,0,1.192435758,1.042574458,0,0,0,0,0,0,1.604540803,0,0,0
Mechanisms of Viral Exit from Host Cells,0,0,1.77681184,0.744068405,0,0.220469612,0,0,0,0.500595818,1.917264604,0.573933769,0.729339927,0
"Bile Acid Biosynthesis, Neutral Pathway",0,0,1.73512911,0,0.938263165,0,0,0.67127398,0,1.290811789,0,0,0,0
Purine Nucleotides Degradation II (Aerobic),0.697932808,0,1.592555807,1.310079474,0,0,0,0,0,0.278758635,0.523966686,0.424137418,0.510236689,0
Urate Biosynthesis/Inosine 5'-phosphate Degradation,0.911340118,0,1.847753605,0.631373867,0,0,0,0,0,0.433717638,0.47221057,0.531640322,0,0
Colanic Acid Building Blocks Biosynthesis,0,0.340744023,1.847753605,0,0,0.569081516,0,0.723018619,0,0.891012394,0.863571307,0,0,0
Superpathway of Serine and Glycine Biosynthesis I,0,0,2.772769905,0,0,0,0,0,0,0.420986128,0.262217291,0,0,0
Heme Biosynthesis II,0,0.489335054,2.231631098,0,0,0.737679366,0,0,0,0.239396662,0.411288518,0,0,0
Tetrahydrobiopterin Biosynthesis I,0.90172439,0,1.40858976,0,0,0,0,0,0,0,0.422551177,0,0,0
Tetrahydrobiopterin Biosynthesis II,0.90172439,0,1.40858976,0,0,0,0,0,0,0,0.422551177,0,0,0
Guanine and Guanosine Salvage I,0,0,1.40858976,0,0,0,0,0,0,0,1.236711679,0,0,0
Adenine and Adenosine Salvage I,0,0,1.40858976,0,0,0,0,0,0,0.604051763,0.422551177,0,0,0
Serine Biosynthesis,0,0,1.40858976,0,0,0,0,0,0,0.604051763,0.422551177,0,0,0
Xanthine and Xanthosine Salvage,0,0,1.581824266,0,0,0,0,0,0,0,0.566546716,0,0,0
Flavin Biosynthesis IV (Mammalian),0,0,1.581824266,0,0,0,0,0,0,0,0.566546716,0,0,0
D-mannose Degradation,0,0,1.879991255,0,0,0,0,0,0,0,0,0,0,0
Glycine Biosynthesis I,0,0,1.581824266,0,0,0,0,0,0,0,0,0,0,0
Mismatch Repair in Eukaryotes,0.257643275,0.265028771,0.6725394,0,0.890345918,2.159800482,0,1.540237426,0,0,1.986375978,0,0,0
Fatty Acid β-oxidation I,0,0,1.132223543,0,0,0.759597169,0,1.857980576,0,0.42657732,2.143981765,0.692573087,0,0
Remodeling of Epithelial Adherens Junctions,0.240133646,0,1.216061829,0.864746456,0.391326063,1.190976121,0.280008924,1.093221595,0,0,2.877111517,1.065508974,0,0
Cardiac β-adrenergic Signaling,1.015113212,0,0.669069998,0.598256702,0,0.970462257,0,1.734626317,0,0,1.337105595,0,1.626188594,0.356843016
Cancer Drug Resistance By Drug Efflux,0.329882958,0,0,0,0,0.860339477,0,1.964571267,0,0.361806593,2.511177118,0,0.996067322,0
Gαi Signaling,0,0,0,0.307625608,0,0.697083301,0,1.733628043,0,0.691226019,1.500987434,0,1.267803601,0
Glycogen Degradation III,0,0,0,0,0,1.425820964,0,1.748967202,0,0,1.371179779,0,0.622919346,0
Glycogen Degradation II,0,0,0,0,0,0.626767205,0,1.879972291,0,0,1.664955717,0,0.681794764,0
Apelin Muscle Signaling Pathway,0,0,0,0.222744588,0,1.664879144,0,3.145341439,0,0.350862784,1.392953894,0,0.627179692,0
Purine Nucleotides De Novo Biosynthesis II,0,0,0.866947222,0.724239412,0,1.625512502,0,1.954899331,0,0,1.191708289,0,0,0
Gαs Signaling,0,0,0,0.372456611,0,1.647777775,0,1.93949752,0,0.593017523,0.816620606,0,0.647737997,0
Endocannabinoid Neuronal Synapse Pathway,0,0,0,0.510550083,0,1.310841487,0,1.615773581,0,0.552550091,0.285948703,0,0.260285532,0
Glutathione Redox Reactions II,0.786222463,0,0,0,0,0,0,2.887182632,0,0,0,1.023808427,0,0
Dolichol and Dolichyl Phosphate Biosynthesis,0,0,0,0,0,0,0,3.656735524,0,0,0,0,0,0
Inosine-5'-phosphate Biosynthesis II,0,0,0,0,0,0,0,3.18391607,0,0,0.422551177,0,0,0
2-ketoglutarate Dehydrogenase Complex,0,0,0,0,0,0,0,2.887182632,0,0,0.979614264,0,0,0
Pyrimidine Deoxyribonucleotides De Novo Biosynthesis I,0.575307366,0.198872066,0.579805197,0.45068892,0,0,0,2.334618581,1.324669558,0.456749999,0.3560837,0.360866222,0.442974991,0
Stearate Biosynthesis I (Animals),0,0.24582517,1.200842375,0,0,0,0.275744421,2.438268124,0.867883013,1.027886493,0.903283015,0,0.415243165,0
Selenocysteine Biosynthesis II (Archaea and Eukaryotes),0.62878984,0,1.116092505,0,0,0,0,2.497819962,0,0,0.212472495,0,0,0
Coronavirus Replication Pathway,0.228606135,0,0.925732534,0.68264338,0,0.578760506,0.410417164,2.353802552,0,0.652965974,0.306015257,0,0.2341003,0
NADH Repair,0,0.912269559,1.40858976,0,0,0,0,1.357094503,0,0,0,0,0,0
Geranylgeranyldiphosphate Biosynthesis,0.90172439,0.912269559,0,0,0,0,0,1.357094503,0,0,0,0,0,0
Retinoic acid Mediated Apoptosis Signaling,0,0.952237771,0.727327113,0.505448648,0,0,0,1.222097332,0,0.329978994,1.314995642,0,0,0
2-oxobutanoate Degradation I,0.69867758,0,0,0,0,0,0,1.141668686,0,0,1.604540803,0,0,0
Glycerol Degradation I,0,0,0,0,0,0,0,1.065686928,0,0,1.353082934,0,0,0
Rapoport-Luebering Glycolytic Shunt,0,0,0,0,0,0,0,1.065686928,0,0,1.353082934,0,0,0
Thio-molybdenum Cofactor Biosynthesis,0,0,0,0,0,0,0,1.827760887,0,0,0,0,0,0
Phototransduction Pathway,0,0,0,0,0,0,0,1.33407233,0,0,0.264569635,0,0,0
L-glutamine Biosynthesis II (tRNA-dependent),0,0,0,0,0,0,0,1.529962319,0,0,0.566546716,0,0,0
Glycerol-3-phosphate Shuttle,0,0,0,0,0,0,0,1.529962319,0,0,0.566546716,0,0,0
TNFR2 Signaling,0,1.340814043,0,0.915966811,0,0,0,1.08798217,0,0.792801991,1.068222813,0.732705634,0.33412358,1.010693873
"Superpathway of D-myo-inositol (1,4,5)-trisphosphate Metabolism",0.603020246,1.88781069,0,0.466166,0,0,0,0,0,0.87256314,1.041432354,0,0,0
"D-myo-inositol (1,3,4)-trisphosphate Biosynthesis",0.274023437,1.474960808,0,0.558806919,0,0,0,0,0,0.705558624,0.637679959,0,0,0
"D-myo-inositol (1,4,5)-trisphosphate Degradation",0.815574203,2.403988554,0,0,0,0,0,0,0,0.761408847,0.704508236,0,0,0
1D-myo-inositol Hexakisphosphate Biosynthesis II (Mammalian),0.274023437,2.302204092,0,0.558806919,0,0,0,0,0,0.705558624,0.334412421,0,0,0
Inositol Pyrophosphates Biosynthesis,0,1.369027446,0,0,0,0.784120353,0,0,0,0.272609386,0.479809239,0,0,0
Assembly of RNA Polymerase I Complex,0,1.896531818,0,0,0,0.626767205,0,0,0,0,0.599124335,0.588383877,0,0
4-hydroxybenzoate Biosynthesis,0,1.370784437,0,0,0,0,0,0,0,0,0,0,0,0
4-hydroxyphenylpyruvate Biosynthesis,0,1.370784437,0,0,0,0,0,0,0,0,0,0,0,0
Asparagine Biosynthesis I,0,1.370784437,0,0,0,0,0,0,0,0,0,0,0,0
Cardiomyocyte Differentiation via BMP Receptors,2.244207916,0,0,0.396237274,0,0,0,0,0,0,1.928761352,0,0,0
Dopamine-DARPP32 Feedback in cAMP Signaling,1.188607094,0,0.636446472,0.854076454,0,0.401648322,0,0.280382593,0,0.478049586,1.335544457,0,0.822523344,0
Role of OCT4 in Mammalian Embryonic Stem Cell Pluripotency,1.307508377,0.506066291,0.339887781,0.234192318,0,0,0.403043355,0.302532032,0,0,1.526158587,0,0.654216083,0
Lipoate Salvage and Modification,1.359756836,0,0,0,0,0,0,0,0,0,0,0,0,0
Myo-inositol Biosynthesis,1.758197106,0,0,0,0,0,0,0,0,1.16311507,0.262217291,0,0,0
Phosphatidylethanolamine Biosynthesis II,2.242243246,0.489335054,0,0,0,0,0,0,0,0.711272662,0,0,0,0
Palmitate Biosynthesis I (Animals),2.255602364,0,0,0,0,0,0,0,0,0.604051763,0,0,0,0
Apelin Adipocyte Signaling Pathway,0,0,0,1.031785347,0,1.283417048,0.584871445,0,0,0.691653431,0.959625239,1.133997105,1.505300665,0
LPS/IL-1 Mediated Inhibition of RXR Function,0,0.279115589,0,0.457694182,0,1.555534054,1.217927865,0.481613338,0.379319456,0.42291951,1.122554677,1.003099018,1.226243304,0.251477573
"Phenylalanine Degradation IV (Mammalian, via Side Chain)",0,0,0.770594521,0,0,1.425820964,0,0,0,0,0.863571307,0.531640322,0,0
GDP-L-fucose Biosynthesis I (from GDP-D-mannose),0,0,0,0,0,1.357532686,0,0,0,0,0,0,0,0
Sulfite Oxidation IV,0,0,0,0,0,1.653724977,0,0,0,0,0,0,0,0
SNARE Signaling Pathway,0,0,0.573611706,0,0,1.490478664,0.360453733,0.838634304,0,0,0.587750179,0,0.573851216,0.450745546
Triacylglycerol Degradation,0,0,0,0,0.451191586,1.424230618,0,0.68223365,0,0,0,0.387319661,0.522461179,0
GABA Receptor Signaling,0,0,0.282963656,0.343054726,0.574214009,1.551224757,0,1.323112499,0,0,0,0,0.329480759,0
PCP (Planar Cell Polarity) Pathway,0,0.598733148,0.260092762,0,0,0,1.559743451,0.22666681,0,0.754659992,1.624775011,0,0,0
Ethanol Degradation II,0,0,0.429759725,0.313289315,0,0,1.256906904,0,1.147663143,0.40252659,1.603577464,0.23554674,0,0
Bladder Cancer Signaling,0,0.257397784,0,0,0,1.824887628,1.420710623,0.604588612,0,0.592250432,0.755802887,0,0,0
Estrogen-mediated S-phase Entry,0.988581678,0,0.534717468,0,0,0.947807227,0.606599404,0.491179006,0,0,1.55248593,0,0,0
DNA damage-induced 14-3-3σ Signaling,0.487065675,0.506066291,0,0.234192318,0,1.086481602,1.04976745,0.302532032,0,0,1.902699904,0,0.228158371,0
Chondroitin and Dermatan Biosynthesis,0,0,0,0,0,0.899581968,1.197507111,0,0,0.360708585,1.353082934,0,0,0
DNA Double-Strand Break Repair by Homologous Recombination,0.911340118,0.340744023,0,0,0.993011629,0.569081516,0,0,0,0,1.991117721,0,0,0
Agrin Interactions at Neuromuscular Junction,0.448736464,0,0,0.851168898,1.011416726,0.342091229,0.762822211,0,0,0.538140652,2.404023639,0,0.415243165,0
Lysine Degradation V,0,0,0,0,0,0.973997621,0,0,0,0,2.694019049,0,0,0
Lysine Degradation II,0,0,0,0,0,0,0,0,0,0,2.694019049,0.932187928,0,0
UDP-N-acetyl-D-glucosamine Biosynthesis II,0,0,0,0,0,0,0,0,0,0,3.452234497,0,0,0
Glycogen Biosynthesis II (from UDP-D-Glucose),0,0,0,0,0,0,0,0,0,0.31234226,2.964344324,0,0,0
4-aminobutyrate Degradation I,0,0,0,0,0,0,0,0,0,0,2.504062495,0,0,0
L-carnitine Biosynthesis,0,0,0,0,0,0,0,0,0,0,2.504062495,0,0,0
Neuropathic Pain Signaling In Dorsal Horn Neurons,0,0,0,1.374441942,0,0.409697544,0,0.352301004,0,0.685570981,1.469682111,0,0.883704191,0
Calcium Transport I,0,0,0,0.761649726,0,0,0,0,0,0.211262071,1.335997115,0,0.752850741,0
Oxytocin In Spinal Neurons Signaling Pathway,0,0,0,0.852492298,0,0.264066887,0,0,0,0.40252659,1.603577464,0,0,0
Urea Cycle,0,0,0,0,0,0.899581968,0,0,0,0,1.353082934,0,0,0
CDP-diacylglycerol Biosynthesis I,0.459115116,0,0,0.384207123,0,0.894493235,0,0.465050527,0,0.323363692,1.819405698,0,0,0
Phosphatidylglycerol Biosynthesis II (Non-plastidic),0.421013076,0,0,0.361733863,0,0.845738996,0,0.441111749,0,0.538804735,1.620790312,0,0,0
Parkinson's Signaling,0,0,0,0,0,0,0,0,0,1.290811789,1.677964481,0.48376344,0,0
Citrulline Biosynthesis,0,0,0,0,0,0,0,0,0,0.711272662,1.50548205,0,0,0
Ceramide Biosynthesis,0,0,0,0,0,0,0,0,0,0,1.956017371,0,0.895463672,0
Sphingosine and Sphingosine-1-phosphate Metabolism,0.480150118,0,0,0,0,0,0,0,0,0,1.50548205,0,0,0
Ceramide Degradation,0.571065001,0,0,0,0,0,0,0,0,0,1.956017371,0,0,0
Branched-chain α-keto acid Dehydrogenase Complex,0,0,0,0,0,0,0,0,0,0,1.952460418,0,0,0
Glutamate Degradation III (via 4-aminobutyrate),0,0,0,0,0,0,0,0,0,0,1.604540803,0,0,0
UDP-D-xylose and UDP-D-glucuronate Biosynthesis,0,0,0,0,0,0,0,0,0,0,1.66926827,0,0,0
Sulfate Activation for Sulfonation,0,0,0,0,0,0,0,0,0,0,1.66926827,0,0,0
Formaldehyde Oxidation II (Glutathione-dependent),0,0,0,0,0,0,0,0,0,0,1.66926827,0,0,0
β-alanine Degradation I,0,0,0,0,0,0,0,0,0,0,1.66926827,0,0,0
