Upstream Regulators,Cluster 1,Cluster 2,Cluster 3,Cluster 4,Cluster 5,Cluster 6,Cluster 7,Cluster 8,Cluster 9,Cluster 10,Cluster 11,Cluster 12,Cluster 13,Cluster 14
HNF4A,18.84858173,8.074837755,9.953666388,0,7.648224959,5.230475698,0,13.85108624,4.72766174,5.919012984,66.19421985,24.81770757,0,0
MLXIPL,0,0,0,0,0,0,0,0,7.739073528,0,0,51.53189262,0,0
UQCC3,2.125024919,0,1.993971155,0,0,0,0,2.965736998,0,0,0,50.8768731,0,0
LARP1,0,0,0,0,0,0,0,0,0,0,0,78.22525344,0,0
RICTOR,0,0,3.429929259,0,0,0,0,4.676656244,0,0,0,68.75208375,0,0
SREBF1,0,0,0,0,2.325878088,0,0,2.616924512,43.39070176,0,0,2.120668626,0,0
MAP2K5,0,0,0,0,0,0,0,0,41.78315028,0,0,0,0,0
SREBF2,0,0,0,0,1.476250021,0,0,0,52.92982185,0,0,0,0,0
SCAP,0,0,0,0,0,0,0,0,50.74468921,0,0,0,0,0
INSIG1,0,0,0,0,0,0,0,0,31.94369734,0,0,0,6.891098916,0
ATP7B,0,0,0,0,0,0,0,0,25.74478556,0,0,0,0,0
SH3TC2,0,0,0,0,0,0,0,0,27.98692951,0,0,0,0,0
MAPK7,0,0,0,0,0,0,3.517763008,0,34.15344008,0,0,0,0,0
POR,0,0,0,0,0,0,0,0,32.95471806,0,2.299284711,0,0,0
TNF,0,0,0,17.07981892,0,0,20.16127897,1.691965235,1.601966447,0,1.925021217,0,36.4802899,0
IFNG,0,0,0,14.22097848,0,0,11.58501521,1.677067097,1.39974665,0,0,0,41.80977781,0
CSF1,0,0,0,10.62564806,1.753784512,0,3.902870044,1.44813382,12.62982865,0,2.512506111,0,32.31219957,0
IL10,0,0,0,5.195911328,0,0,3.801732916,0,0,0,0,0,36.65571015,0
TCL1A,0,0,0,2.271347192,0,0,0,0,0,0,0,0,26.42796126,0
CSF2,0,0,0,6.773809223,0,0,4.261373465,0,0,0,1.418459297,0,26.27907649,0
IL4,0,0,0,20.5296321,0,3.344933518,6.116465092,3.034097491,0,2.592776888,4.464355727,0,29.03241588,0
STAT3,0,0,0,10.26381085,0,0,10.71278305,0,0,0,2.049169733,0,28.71531028,0
Interferon alpha,0,0,0,12.03768373,0,0,10.45242132,0,0,0,1.662078913,0,24.01278362,0
Immunoglobulin,0,0,0,16.3426346,0,0,8.806792206,0,3.655195645,0,1.422334863,1.351091098,32.13745339,0
IL2,0,0,0,13.54819831,0,0,6.123200233,1.510648013,5.549958493,0,2.446031511,0,29.44190684,0
TP53,0,0,2.616093345,13.94047562,1.827180369,6.822718381,12.22843774,7.934553174,7.400286132,2.645673785,17.34265911,3.264890435,10.07979207,0
ESR1,0,0,0,6.561698383,0,4.73103204,15.15084206,1.828883498,2.118473111,6.531269371,28.17076787,0,2.211669685,0
MYCN,0,0,2.412135736,0,0,3.051788823,9.331653016,2.044640721,0,0,0,31.1978168,0,0
CAB39L,0,0,0,0,0,0,0,0,0,0,0,37.19480026,0,0
FMR1,0,0,0,0,0,0,0,1.313374425,0,0,0,37.00673442,0,0
MYC,0,0,2.061033682,3.009238873,0,7.466741843,13.54228794,3.220002174,0,0,5.716981465,22.2231476,9.464182927,0
YAP1,0,0,0,0,0,0,4.202219562,0,2.341145099,0,4.075065633,26.46834234,4.135280804,0
Lh,0,0,1.850057472,1.601496489,0,0,9.836853609,0,3.173711857,0,1.538218801,19.61751657,3.557769608,0
CTNNB1,0,0,0,5.285553722,0,0,9.001544491,0,2.353151815,1.332151024,0,20.59723607,3.390457685,0
TGFB1,0,0,0,13.35867276,0,3.523451203,25.87524003,1.379204376,9.053881105,0,6.923166092,0,22.16486482,0
AGT,0,0,0,13.47586356,0,0,30.80749169,0,2.532503202,0,0,0,10.95485608,0
KRAS,0,0,2.047939585,14.43564347,0,6.845819799,21.68728987,0,1.955940208,1.652334785,8.867862915,0,10.24860042,0
CG,0,0,0,3.992403735,0,0,21.03141918,0,7.898617359,0,6.532262051,0,8.22702744,0
ESR2,0,0,0,5.078190717,0,2.74825198,22.34401483,3.696777831,6.403252712,0,12.11993009,0,4.899820325,0
ERBB2,0,0,0,7.06314343,0,5.107020917,22.61926371,2.897417751,2.305906239,0,5.76707235,0,7.662793155,0
HRAS,0,0,0,6.191218943,0,2.920491194,20.13185005,2.895990821,1.874913571,0,3.915890607,1.503324943,3.914537314,0
SP1,0,0,0,9.228774753,1.431994589,0,10.85161947,1.517573316,2.119437649,2.223453658,2.598488604,0,6.867530189,0
Vegf,0,0,0,8.586006268,0,0,11.65497758,0,1.668855736,0,5.915832011,0,11.41544835,0
LMO2,0,0,0,9.998419118,0,2.881830105,4.935138137,0,0,1.954411128,2.202883369,0,7.023166703,0
LDB1,0,0,0,9.020016688,0,2.765206019,5.505507474,0,0,1.779504632,2.333733002,0,6.190715353,0
JUN,0,0,0,5.57582188,0,2.454157539,12.70895041,0,1.704013996,0,0,0,11.73525294,0
SLC15A4,0,0,0,3.120459651,0,0,10.89496841,0,0,0,0,0,13.20461305,0
IL1B,0,0,0,7.300526605,0,1.723964589,17.41678714,0,0,0,0,0,16.34614546,0
AHR,0,0,0,9.713417986,1.374830759,1.715347993,17.40947319,0,1.660893379,0,0,0,10.09065128,0
SMARCA4,0,0,0,8.174730264,0,0,15.06307589,0,0,0,0,0,11.27890606,0
miR-3648 (miRNAs w/seed GCCGCGG),0,0,0,1.316284399,0,6.22342359,0,0,0,20.01348443,0,0,0,0
PTPRR,0,1.623951196,0,0,0,12.36235467,0,0,0,13.0897837,0,0,0,0
Firre,0,0,0,0,0,5.046074419,0,0,0,11.48825771,0,0,0,0
EIF6,0,0,0,0,0,0,0,0,13.70494621,0,2.543190159,11.70352787,0,0
HMG20A,0,0,0,1.78734421,0,2.553532516,12.03671181,0,19.28476432,0,0,0,0,0
PPARGC1A,0,0,0,0,0,0,14.05031188,2.610819064,6.554077184,0,1.710377286,2.829894137,0,0
PPARG,0,0,0,0,0,3.476921455,2.468581439,1.444383544,7.156049455,0,0,0,5.358953265,0
OGA,0,0,0,4.476121297,0,2.009276098,7.57873232,0,6.81102148,0,1.980292112,1.311614036,8.169434694,0
ELOVL3,0,0,0,1.411474252,0,0,4.004758754,0,8.207114442,0,0,0,7.185737166,0
LDLR,0,0,0,1.870280973,0,0,4.240099346,0,8.883503824,0,0,0,11.34239477,0
PTEN,0,0,0,4.142324302,1.568385958,3.578609267,9.149465618,0,10.76963733,2.545205138,5.576874038,0,4.364310411,0
LMNB1,0,0,0,0,2.140600448,0,8.346105274,0,10.85593917,0,0,0,0,0
AKT1,0,0,0,3.885563903,0,0,9.268310149,2.369111137,9.390008537,0,0,0,1.981462745,0
Insulin,0,0,0,2.281182985,1.795958962,0,5.718243227,1.567769241,11.26583563,0,3.238302447,3.012422082,2.180212819,0
FOXO1,0,0,0,2.1254147,0,0,4.21976529,0,8.564491224,0,2.79346875,1.353031776,3.960599414,0
FOXO4,0,0,0,2.926786047,0,0,6.400166009,2.864412318,8.476252127,0,2.948654184,0,5.018887371,0
INSR,0,0,1.48789131,0,0,0,1.733998995,3.612263753,12.5912148,0,1.653052946,4.250572376,2.29715759,0
PML,0,0,2.908698674,0,0,0,0,1.510773795,10.40878277,0,2.655580828,0,4.257468197,0
NPC1,0,0,1.952782212,1.768206343,1.639233731,0,0,0,10.86070073,0,0,0,7.877973271,0
THEM6,0,1.931243362,0,0,0,0,0,5.120642251,16.90568937,0,0,0,0,0
PPARA,0,0,2.077010154,0,0,2.486130906,0,1.693342309,21.05237817,0,3.234770701,1.418097715,1.500135177,0
QKI,0,0,0,0,0,0,0,0,18.66419488,0,0,0,2.904911096,0
RPTOR,0,0,0,1.797714073,0,0,0,0,17.82540469,0,1.334335122,0,3.456340104,0
PROM1,0,0,0,1.347741076,0,0,0,1.532442614,19.65021562,0,0,0,0,0
TARDBP,0,0,0,0,0,0,0,0,20.71656768,0,0,0,0,0
MFSD2A,0,0,0,0,0,0,0,0,21.58986602,0,0,0,0,0
SERPINA6,0,0,0,0,0,0,3.077357648,0,14.64656665,2.741414119,4.387148478,0,0,0
ILF3,0,0,0,0,0,0,3.386709094,0,14.5870228,0,0,0,4.316402362,0
ADRB,0,0,0,0,0,0,1.76266903,0,12.623642,1.629047963,0,0,2.883131895,0
SIRT2,0,0,0,0,0,0,0,0,15.65418978,0,0,0,0,0
CYP51A1,0,0,0,0,0,0,0,0,15.27000125,0,0,0,0,0
INSIG2,0,0,0,0,0,0,0,0,17.20167756,0,0,0,0,0
KIF3A,0,0,0,0,0,0,0,0,16.1555183,0,0,0,0,0
Srebp,0,0,0,0,0,0,0,0,16.53614646,0,0,0,0,0
IFT88,0,0,0,0,0,0,2.109055953,0,14.06737591,0,0,0,0,0
NPPB,0,0,0,0,0,0,1.33416759,0,12.45973193,0,0,0,0,0
C4BP,0,0,0,0,0,0,0,0,11.83090318,0,0,0,0,0
MBOAT7,0,0,0,0,0,0,0,0,13.65899004,0,0,0,0,0
Gm35986,0,0,0,0,0,0,0,0,12.79963155,0,0,0,0,0
PEX5L,0,0,0,0,0,0,0,0,13.09043071,0,0,0,0,0
TCF7L2,0,0,0,0,1.372129614,0,11.15147366,1.304081925,0,0,12.9904992,0,0,0
EGFR,0,0,0,3.476805588,0,3.949402798,12.28598493,0,0,0,11.06174508,1.693927114,1.425966071,0
COPS5,0,0,1.46623366,0,0,4.218800347,0,1.649677318,0,8.215935446,7.838490745,2.708496196,0,0
miR-155-5p (miRNAs w/seed UAAUGCU),0,0,0,0,2.079118843,0,0,0,1.339252377,0,18.86377328,0,2.375319157,0
ARID3A,2.360033606,0,0,0,0,0,0,0,0,0,20.17641048,0,0,0
miR-16-5p (and other miRNAs w/seed AGCAGCA),2.379445444,0,1.700123254,0,0,1.397780479,0,1.917351968,0,0,19.17835987,0,0,0
miR-1-3p (and other miRNAs w/seed GGAAUGU),0,0,0,0,0,2.550831828,1.793779614,0,0,1.529808204,15.85739824,0,1.581633905,0
CD24,0,0,0,1.344577015,0,0,1.573381879,0,0,0,13.79214258,0,0,1.365529411
CLOCK,0,0,0,0,1.377678089,0,2.775741391,0,2.743625319,1.753992011,16.08859397,0,0,0
miR-124-3p (and other miRNAs w/seed AAGGCAC),1.626570409,0,0,1.534172304,1.504125092,0,3.655861539,0,0,2.508240064,14.83510377,0,0,0
mir-802,0,0,0,0,0,0,3.771982946,0,0,0,10.10800183,0,4.034735097,0
mir-8,0,0,0,0,0,0,6.620731137,0,0,0,8.590720813,0,2.867092963,0
TCF4,1.977257225,0,0,3.023153874,0,0,5.811355938,0,0,0,6.35653655,0,4.852369334,0
HOXA9,0,0,0,0,0,0,3.881090845,0,0,0,7.480111634,0,7.332933209,0
mir-21,1.80335538,0,0,2.263054619,0,0,4.587155333,0,0,0,8.285075353,0,9.209004346,0
CST5,3.954118216,0,3.067401778,1.542644913,0,2.193119129,3.152717078,0,0,1.575347902,8.898201546,2.567354417,0,0
EIF2AK3,0,0,3.13930881,0,0,0,0,4.926187164,0,0,9.623629632,0,0,0
XBP1,0,0,2.952464853,0,0,0,0,7.846063766,0,0,10.56889766,0,0,0
E2F4,1.754336776,0,0,0,0,0,0,3.900625929,0,0,10.82612154,0,0,0
E2F1,2.006315442,0,0,0,0,0,0,7.857110178,0,0,9.884686669,0,0,0
HNF1A,0,0,0,0,2.986171526,0,0,2.314733131,2.52302307,0,9.720254222,0,0,0
NUPR1,2.160538144,2.309861728,0,1.582741856,0,1.541887992,2.923800694,0,1.695804537,0,10.97394384,0,0,0
Sos,0,0,0,0,0,1.544599915,2.877138842,0,2.109224401,0,11.48256912,0,1.905408432,0
TFEB,0,0,0,0,0,1.52460692,0,0,0,0,8.313463001,0,3.261625073,0
miR-291a-3p (and other miRNAs w/seed AAGUGCU),0,0,0,0,0,0,0,0,0,0,10.67880786,0,2.637853,0
MASTL,0,0,0,1.971708416,0,0,0,1.512572478,0,0,11.05593558,0,1.942411703,0
KDM5A,0,0,2.155332113,0,0,0,0,5.483779702,0,0,0,15.01884961,0,0
CPT1B,0,0,0,0,0,1.791929784,0,4.216138027,0,0,3.538310456,16.90652476,0,0
DDX5,0,0,0,0,0,0,2.096347489,0,0,0,0,21.93004985,2.824374997,0
TEAD1,0,0,0,0,0,0,3.541191097,2.675435486,0,0,1.87153527,18.88665405,0,0
TLE3,2.467948715,0,0,0,0,0,2.126877094,1.600074463,0,0,0,17.595751,0,0
IGF1R,0,0,0,0,0,0,3.841229265,3.68034474,0,0,0,8.475386609,1.820029973,0
RRP1B,0,0,0,0,0,0,0,3.721190293,0,0,4.436876855,8.078721822,0,0
RB1,0,0,0,0,0,0,3.419829006,5.782354808,0,0,4.78137134,6.980938825,0,0
SIGLEC8,1.605604019,0,4.982928825,0,0,0,0,0,0,0,0,8.821225729,0,0
STK11,0,0,5.032941564,0,0,0,2.296432731,1.49996446,0,0,2.209550615,7.024143743,0,0
TRIB1,1.505057079,0,0,0,0,0,0,2.057724792,2.231397806,0,1.313827943,9.207122081,0,0
TFRC,0,0,1.472155752,1.376708748,0,0,0,0,0,0,0,11.57669626,2.925962747,0
MOS,0,0,1.436333827,0,0,0,0,0,0,0,0,13.22773676,0,0
RPS15,0,0,0,0,0,0,0,0,0,0,0,12.84745516,0,0
POLG,0,0,0,0,0,0,0,0,0,0,0,13.26283603,0,0
PRKCG,0,0,0,0,0,0,0,0,0,0,0,13.54505036,0,0
MYCL,2.010894113,0,1.625351216,0,0,0,0,0,0,0,1.854012076,11.82640368,0,0
SAMMSON,1.563839035,0,2.75564204,0,0,0,0,1.691421795,0,0,0,11.19903405,0,0
NFU1,0,0,1.769292813,0,0,0,0,2.495735996,0,0,1.503817691,9.652610071,0,0
HBA1/HBA2,0,0,1.742618725,0,0,0,0,0,0,0,0,9.523699147,0,0
SIRT7,0,0,0,0,0,0,0,0,0,0,0,10.04647959,0,0
DDX3X,0,0,0,0,0,0,0,0,0,0,0,10.06304941,0,0
APP,0,0,1.760031719,5.226232635,0,2.056889978,5.603472814,5.52594222,1.828127918,0,4.060908444,1.605030908,13.43941953,0
CD3,3.561027224,0,2.84620066,7.160212355,0,0,1.756978632,4.296264423,0,0,4.82720668,3.128114209,14.54016462,0
KLF6,0,0,0,8.210383781,0,6.944029052,2.0686092,3.769544925,0,0,1.856463601,0,14.2805922,0
MAPT,0,0,1.58311717,3.068759839,0,8.829242263,5.069114176,4.53984308,0,0,2.111377158,3.379744894,12.51090729,0
IL33,0,0,0,11.57001032,0,1.390263032,1.819310812,0,0,0,0,0,19.7011898,0
IL15,0,0,0,9.837859195,0,1.917452123,1.958626712,3.340658051,0,0,3.295128907,0,19.71994635,0
NR1H3,0,0,0,0,0,0,1.893198994,0,3.944040355,0,0,0,15.0958502,0
SPI1,0,0,0,5.434966237,0,0,0,0,0,0,0,1.787462938,19.78382429,0
BHLHE40,0,0,0,2.196936701,0,0,1.66415984,2.585848317,0,0,3.604895661,0,20.77181622,0
CITED2,0,0,0,2.56886409,0,0,2.007476819,0,0,0,4.056825973,0,17.59905266,0
TREX1,0,0,0,2.719702688,0,0,0,0,0,0,3.548948707,0,16.06321238,0
IRF2BP2,0,0,0,2.551549243,0,0,0,0,0,0,0,0,16.53939342,0
CCL20,0,0,0,0,0,0,0,0,0,0,0,0,18.44337221,0
IL6,0,0,0,4.23953755,0,0,9.549723381,0,0,0,3.229364824,0,17.51687901,0
APOE,0,0,0,4.11153908,0,2.077557953,9.083707592,0,1.37608441,2.534828815,0,0,16.49349498,0
FAS,0,0,0,2.829513246,0,1.80404835,6.948050106,0,0,3.385447235,1.74766529,0,13.57300877,0
ETS1,0,0,0,6.518026857,0,0,5.114014287,0,0,0,0,0,13.41219135,0
KLF2,0,0,0,6.467171008,0,0,6.98100242,0,0,0,0,0,14.87535061,0
Ige,0,0,0,6.662774134,0,1.560253489,3.633489177,0,0,0,0,0,16.78983204,0
STAT1,0,0,0,6.52464629,0,0,3.73904308,0,0,0,0,0,20.53762257,0
IL13,0,0,0,6.765763664,0,1.587179813,6.795186824,0,0,0,0,0,18.73671662,0
KDM1A,0,0,0,4.756497606,0,1.520228547,6.999535614,0,0,0,1.391606216,0,18.50374733,0
BCR (complex),0,0,1.353698017,6.011296213,0,0,0,2.295852982,0,0,2.466262287,5.783951924,5.878105369,0
CD40,0,0,0,5.695009626,0,0,1.67116762,2.596710423,0,0,0,7.688469284,4.997979946,0
TCR,0,0,3.413297596,4.674366916,0,0,0,2.92048394,0,0,1.557578251,9.731644846,11.3048446,0
IL3,0,0,0,5.854000605,0,0,1.964320329,0,0,0,0,5.497352459,10.9231445,0
Hbb-b1,0,0,1.516463819,2.842950519,0,0,0,0,0,0,0,6.520544755,10.89385725,0
KLF3,0,2.110562806,1.380743325,2.211580893,0,0,2.305533513,0,0,6.352636965,4.258455892,0,5.970543529,0
CD40LG,0,0,0,7.637796672,0,1.309813532,0,0,0,0,4.465365726,0,12.80030087,0
CHROMR,0,0,0,4.664555604,1.58346371,0,0,0,0,0,6.662133037,0,10.23573052,0
NONO,0,0,0,5.781618324,0,0,0,0,0,0,5.601452023,0,8.140271273,0
IKZF1,0,0,0,8.898896205,0,1.821890824,2.059646472,1.751846345,0,0,1.492053227,0,9.462387745,0
GRN,0,0,0,5.083692363,0,0,1.844672915,1.737931154,0,0,2.899037774,0,9.515826128,0
CD28,0,0,1.780721662,4.51826384,0,0,1.450146363,2.253794343,0,0,2.636288491,1.597180334,9.836183242,0
VEGFA,0,0,0,6.561571881,0,0,3.918114817,0,0,0,1.366593907,2.085781645,11.23875041,0
TGM2,0,0,0,6.572851345,0,1.554725635,3.729817751,0,0,0,3.125176423,0,9.364731404,0
ERG,0,0,0,4.914782454,0,1.461495419,3.768724871,0,0,0,3.489740457,0,9.430335899,0
IFNB1,0,0,0,2.877992633,0,0,5.355410313,1.507708498,3.445072955,0,0,0,8.589250533,0
MAPK14,0,0,0,4.278421125,0,0,4.63029263,0,2.989530372,0,0,0,6.786884465,0
IL5,0,0,0,5.236490012,0,0,4.903223878,0,3.545545936,0,2.14029752,0,6.972345868,0
EPAS1,0,0,0,2.590820577,1.383674927,0,2.787220037,0,4.899249019,0,2.001253909,0,5.829759784,0
Tcf7,0,0,0,3.746620667,0,0,1.979559352,0,4.199837582,0,1.835531625,0,7.573169397,0
LDL,0,0,0,3.145322099,0,1.377534067,2.486961722,0,4.646697434,0,0,0,9.88068016,0
IFNAR1,0,0,0,2.057779525,0,0,1.566279263,0,4.751390489,0,0,0,8.975519985,0
NOTCH1,0,0,0,7.143081057,0,0,3.609889246,0,0,0,0,0,6.997697677,0
Notch,0,0,0,6.316274,0,0,3.771982946,0,0,0,0,0,5.450919189,0
NFAT5,0,0,0,5.230982387,0,0,6.046039848,0,0,0,0,0,6.634084995,0
BRD4,0,0,0,6.891687733,0,0,5.586058873,1.395028617,0,0,0,0,5.316136091,0
GNAS,0,0,0,0,0,0,5.468202557,0,0,0,0,0,7.368256297,0
PTGS2,0,0,0,1.975218939,0,1.914028855,5.114014287,0,0,0,0,0,7.795639337,0
MAFB,0,0,0,2.203766679,0,0,5.282693439,0,0,0,0,0,9.124433914,0
ADGRE2,0,0,0,1.546773917,0,0,5.665734518,0,0,0,0,0,9.068050903,0
MYB,0,0,0,3.820020689,0,0,3.792329802,0,0,0,0,0,6.414617566,0
IL1,0,0,0,4.088832728,0,0,3.428492611,0,0,0,0,0,6.724634996,0
RIGI,0,0,0,2.921727372,0,0,3.854045381,0,0,0,0,0,7.16724468,0
KIT,0,0,0,2.951106996,0,0,2.876823241,0,0,0,0,0,6.708519362,0
PAX3,0,0,0,2.01036812,0,0,4.329221777,0,0,1.413861592,0,0,6.080733549,0
WNT5A,0,0,0,1.61646602,0,0,4.47180382,0,0,0,1.525552674,0,5.855579608,0
STAT5A,0,0,0,1.750633246,0,0,4.175027404,0,0,0,1.514315979,0,7.529350434,0
TGFBR1,0,0,0,1.656249914,0,0,4.386128591,0,0,0,0,0,7.306947421,0
ID2,0,0,0,4.802184334,0,0,6.908112061,0,0,0,0,0,8.873576517,0
EZH2,0,0,0,3.119698725,0,0,8.398683246,0,0,0,0,0,7.994617848,0
TGFBR2,0,0,0,4.73560279,0,0,5.15064937,0,0,2.029130117,0,0,9.193737518,0
LEF1,0,0,0,4.311407583,0,0,4.613454635,0,0,0,0,0,9.173054127,0
RUNX1,0,0,0,5.426623003,0,0,4.363643384,0,0,0,0,0,7.883162243,0
CEBPA,0,0,0,4.840730857,0,0,5.027871503,0,2.620487999,0,0,0,11.00236763,0
CREBBP,0,0,0,3.310684477,0,0,3.942905465,0,2.037833908,0,0,0,10.48922638,0
PI3K (complex),0,0,0,3.441451604,0,0,6.933396265,0,0,0,1.875238489,0,11.71911473,0
IgG,0,0,0,5.834025867,0,0,5.380052823,0,0,0,0,0,11.62329377,0
MYD88,0,0,0,4.346142896,0,0,4.84998279,0,0,0,0,0,11.17214337,0
DNMT3A,0,0,0,2.936009328,0,0,5.787854732,0,0,0,0,0,12.29838273,0
GATA2,0,0,0,2.254947993,0,0,4.831337599,0,0,0,0,0,11.19896813,0
DYSF,0,0,0,0,2.265442542,0,2.473206105,0,3.021124697,0,0,0,8.626528412,0
GATA1,0,0,0,1.385019629,0,3.223838429,0,0,0,0,1.489849525,0,7.502991425,0
IFNA2,0,0,0,3.201254422,0,0,2.881257814,0,0,0,4.236330942,0,8.087160924,0
NKX2-3,0,0,0,2.643916243,0,0,1.53916517,0,0,0,3.200369923,0,9.842827401,0
RIPK2,0,0,0,1.921867373,0,0,0,0,2.578679467,0,2.110569561,0,8.322884661,0
SPRY2,0,0,0,1.839883773,0,0,0,0,0,0,2.347539066,0,8.781797965,0
GPR174,0,0,0,1.990131199,1.410054775,0,0,0,0,0,2.498636617,0,7.332993523,0
SPIB,0,0,0,0,0,0,0,0,0,0,0,2.579788318,7.437649074,0
TPH1,0,0,0,0,0,0,1.951409393,0,0,0,0,0,9.489079542,0
CALCA,0,0,0,1.365092381,0,0,2.549650491,0,0,0,0,0,9.900016384,0
KITLG,0,0,0,2.563486826,0,0,2.764322479,0,0,0,0,1.657297348,7.787603425,0
MIF,0,0,0,2.236279888,0,0,1.682579644,0,0,0,0,0,8.602264956,0
TREM1,0,0,0,1.557494352,0,0,1.735042579,0,0,0,0,0,7.511244166,0
SATB1,0,0,0,0,0,0,0,0,0,0,3.610042685,0,10.35586775,0
IRF7,0,0,0,0,0,0,0,0,0,0,2.207658729,0,9.221503232,0
PTGER4,0,0,0,0,0,0,0,0,0,0,1.543227074,0,10.03849756,0
TLR3,0,0,0,0,0,0,0,0,0,0,0,0,9.724274309,0
CLEC4A,0,0,0,0,0,0,0,0,0,0,0,0,10.28806981,0
Ifnar,0,0,0,0,0,0,0,0,0,0,0,0,10.26197613,0
GSE1,0,0,0,1.487610703,0,0,0,0,0,1.30839628,0,0,8.820972224,0
SMARCA5,0,0,0,1.536888807,0,0,0,0,0,0,0,0,8.708506224,0
IFN alpha/beta,0,0,0,0,0,0,0,0,0,0,0,0,8.443712571,0
Cyp2c23,0,0,0,0,0,0,0,0,0,0,0,0,7.755672074,0
EP300,0,0,0,2.263793464,0,2.558032515,0,1.7397872,0,0,0,0,13.60586447,0
TLR4,0,0,0,1.67742953,0,0,3.274175277,0,0,0,0,0,15.17275525,0
TBX21,0,0,0,3.332210288,0,0,1.330298619,0,0,0,0,0,13.41370698,0
FOXP3,0,0,0,2.164768131,0,0,2.444799076,0,0,0,0,0,14.0306635,0
STING1,0,0,0,2.662570622,0,0,2.206559401,0,0,0,0,0,13.82559568,0
USP22,0,0,0,5.820728248,1.453641742,0,0,0,0,0,0,0,8.50634324,0
BTK,0,0,0,4.234895051,0,0,1.440535678,0,0,0,0,0,8.300405036,0
IL12 (family),0,0,0,3.857541493,0,0,0,0,0,0,0,0,8.25532316,0
ITPR2,0,0,0,1.35589704,0,0,0,0,0,0,0,0,12.5086634,0
ZBTB16,0,0,0,1.726049768,0,0,0,0,0,0,0,0,11.49241368,0
RNASEH2B,0,0,0,5.100016867,0,0,0,0,0,0,2.032772287,0,10.37882887,0
NFATC2,0,0,0,2.302336607,0,0,0,0,0,0,0,0,10.23525582,0
GATA3,0,0,0,4.254430869,0,0,0,0,0,0,0,0,10.27921401,0
TLR9,0,0,0,3.786315061,0,0,0,0,0,0,0,0,10.46184321,0
PRDM1,0,0,0,5.664998076,0,0,0,0,0,0,0,0,11.75451574,0
Hbb-b2,0,0,0,3.784065266,1.351411868,0,0,0,0,0,0,0,11.89264,0
IL21,0,0,0,4.045875813,0,0,0,0,0,0,0,0,12.6870069,0
ZC3H12A,0,0,0,5.804827485,0,0,1.32995755,0,0,1.447966187,0,0,10.40667913,1.707859628
Tnf (family),0,0,0,5.14513215,0,0,2.151413487,1.43114449,0,0,0,0,9.791309474,0
STAT6,0,0,0,5.180638565,0,0,3.276335753,0,0,0,1.441617536,0,10.75087233,0
CNTF,0,0,0,3.248695714,0,0,2.694160572,0,0,0,1.42388084,0,10.86135576,0
IRF1,0,0,0,3.302718871,0,0,2.141151783,0,0,0,0,0,10.15493677,0
ID3,0,0,0,4.169464146,0,0,2.918507065,0,0,0,0,0,9.895385728,0
Brd4,0,0,0,4.528595321,0,0,2.976594582,0,0,0,0,0,9.75418564,0
IL18,0,0,0,4.1252315,0,0,1.716004289,0,0,0,0,0,12.39334438,0
IRF8,0,0,0,3.609950686,0,0,1.754347469,0,0,0,0,0,11.69519738,0
TNFSF11,0,0,0,5.341100764,0,0,1.981022799,0,0,0,0,0,10.66641185,0
TYROBP,0,0,0,4.836038725,0,0,1.56794026,0,0,0,0,0,11.29592488,0
CSF3,0,0,0,5.464414484,0,0,2.584586694,0,0,0,0,0,11.32429713,0
IL12 (complex),0,0,0,5.208767063,0,0,2.184541208,0,0,0,0,0,12.02025345,0
SMAD3,0,0,0,2.949220408,1.933748682,0,15.68141667,0,2.347252022,0,0,0,0,0
WNT3A,0,0,0,2.263054619,0,0,19.88731614,0,0,0,0,0,3.008538452,0
MRTFB,0,0,0,0,0,0,14.76841789,0,0,0,1.494940508,0,4.806405896,0
SSTR2,0,0,0,0,0,0,17.01407189,0,0,0,0,0,2.920583941,0
TP73,0,0,0,5.715132046,0,3.252977921,15.4127757,0,0,3.621333029,2.152121787,0,6.060297976,0
TP63,0,0,0,3.489712374,0,2.519970526,14.71356942,0,0,2.094560915,1.480242867,0,4.567233574,0
PDGF BB,0,0,0,4.635255664,0,0,15.11277033,0,3.162570636,0,1.791609262,0,3.529125294,0
HGF,0,0,0,4.196110006,0,0,13.56540843,0,2.441948104,0,4.045830736,0,5.449440192,0
F2R,0,0,0,1.951104279,0,0,13.83737537,0,0,0,0,0,6.335977327,0
CCR2,0,0,0,3.660772031,0,0,15.70968586,0,0,0,0,0,5.903033877,0
Alpha catenin,0,0,0,4.143175839,0,0,15.16918723,0,0,0,0,0,5.589117263,0
TWIST1,0,0,0,6.405162371,2.543519578,1.681594375,16.07635579,0,0,0,0,0,4.264471117,0
FGF2,0,0,0,5.132478269,0,0,17.01188433,0,0,0,0,0,3.654686558,0
PIK3CA,0,0,0,6.078413435,0,0,14.45742167,0,0,0,0,0,3.432566556,0
PRL,0,0,0,4.091153877,1.504082251,0,8.82788171,3.117846223,0,2.255462574,2.870582067,0,4.508368071,0
TAFAZZIN,0,0,1.88822593,2.570637295,0,0,6.271323973,2.011470813,0,0,4.257287585,0,7.529350434,0
HIF1A,0,0,0,3.4140015,0,0,6.025345224,3.135469592,1.535876909,0,2.176733909,2.178425639,5.408134117,0
NR3C1,1.644675774,0,0,2.476651124,0,0,9.846768944,0,0,1.609599754,3.098016182,0,9.470635511,0
PGR,0,0,0,4.554655022,0,1.783960562,10.93188941,0,0,2.031764785,4.158209126,0,6.937668296,0
FOS,0,0,0,1.429544846,0,3.44436256,9.87135843,0,0,0,5.90261669,0,6.795405399,0
FOXO3,0,0,0,2.575810596,0,0,9.503292853,0,1.433798983,0,7.783630663,0,7.705920016,0
CEBPB,0,0,0,2.044645464,0,0,8.658546494,1.48077902,1.447401134,0,4.864961758,0,6.757053182,0
Tgf beta,0,0,0,7.740567821,0,0,14.25405917,0,0,0,0,0,6.451384465,0
NFKB1,0,0,0,5.88230249,0,0,9.800434901,0,0,0,0,0,7.620491878,0
EGF,0,0,0,7.399492266,0,0,11.56803362,0,1.371832036,0,0,0,7.698049566,0
F2,0,0,0,4.874254892,0,2.167931451,10.76952531,1.330074203,0,1.535467577,0,0,7.939504323,0
CD44,0,0,0,2.30484934,0,1.803708191,11.80482485,2.061568085,0,0,0,0,6.825942651,0
BMP10,0,0,0,2.815961814,0,0,10.73751264,0,0,0,0,0,9.767896001,0
NFkB (complex),0,0,0,4.235421171,0,0,11.63636088,0,0,0,0,0,8.288169273,0
SORL1,0,0,0,8.485635364,0,1.467263148,7.345121431,0,0,0,0,0,3.98797624,0
VCAN,0,0,0,7.246146761,0,0,10.63390942,0,0,0,0,0,2.998004086,0
BCL6,0,0,0,5.720483799,0,0,8.242093718,0,2.858049444,0,3.068982311,0,3.808131349,0
ESRRA,0,0,0,3.709100072,0,0,7.406078574,0,2.442315312,0,0,0,5.21052301,0
EDN1,0,0,0,5.854899919,0,0,9.107552685,0,0,0,1.791086825,0,4.448359556,0
RRAS2,0,0,0,5.887500654,0,0,8.622035647,0,0,0,2.064953363,0,6.586999686,0
RELA,0,0,0,4.540825672,0,0,7.284340708,0,0,0,0,0,4.872993081,0
IKBKB,0,0,0,3.248864124,0,0,8.237926272,0,0,0,0,0,5.250296179,0
IL10RA,0,0,0,4.225133719,0,0,9.84927426,0,0,0,0,0,7.023713366,0
TGFB2,0,0,0,4.143175839,0,0,9.288027606,0,0,0,0,0,5.589117263,0
IL17A,0,0,0,3.914676788,0,0,10.23649166,0,0,0,0,0,5.404697516,0
OSM,0,0,0,1.911086367,0,0,15.01011937,1.320113835,0,0,6.631627734,0,5.187512469,0
CDKN1A,0,0,0,0,1.914126658,0,11.870923,2.469610391,0,0,5.14411666,0,2.825833742,0
RASSF1,0,0,0,0,0,0,11.97516989,0,0,0,3.813665692,0,2.116537092,0
GLI1,0,0,0,4.244981399,0,0,10.59491898,1.310049263,1.627020913,1.890592089,6.453895479,0,2.226764447,0
FSH,0,0,0,3.273681017,0,0,9.29962181,0,1.301118599,1.445651274,6.603570113,0,3.608335369,0
Akt,0,0,0,4.767189155,0,2.550008436,11.84814397,2.236166096,0,0,4.537709545,0,3.688401208,0
Mek,0,0,0,3.716926078,0,4.26176087,8.314707779,0,0,0,5.524830186,0,1.577052626,0
FN1,0,0,0,2.205014136,0,2.608643039,10.75827356,0,0,0,5.826910944,0,2.146714212,0
BRAF,0,0,0,4.360945151,1.792065947,5.120830908,8.232332186,0,0,0,1.827567319,0,0,0
TSC2,0,0,0,2.431520662,0,0,10.47668234,0,4.637699038,0,2.960876945,0,0,0
MTDH,0,0,0,0,0,1.652743239,7.774474188,0,6.063927217,0,2.803803326,0,2.513362032,0
SPP1,0,0,0,0,0,1.486303073,8.275118964,0,4.229610513,0,0,0,1.427559022,0
HMGA1,0,0,0,0,0,0,8.849304646,0,5.687503429,0,0,0,0,0
MAP2K1,0,0,0,2.945651254,0,3.304511044,10.24702336,0,0,0,0,0,1.94322667,0
NFKBIA,0,0,0,3.988431219,1.690533198,2.675003691,11.46457907,0,0,0,0,0,5.284099432,0
SNAI1,0,0,0,3.063358309,0,3.072060662,11.69289866,0,0,0,0,0,3.595254795,0
estrogen receptor,0,0,0,4.158001896,0,2.909086747,13.36048885,0,0,0,0,0,4.061715713,0
RUNX3,0,0,0,4.506683224,0,0,13.23700291,0,0,0,0,0,1.927177845,0
IGF1,0,0,0,3.88175019,0,0,13.91633046,0,2.125248962,0,0,0,1.734412786,0
ADAM12,0,0,0,1.949686361,0,0,13.39131371,0,0,0,0,0,0,0
RUNX2,0,0,0,2.03924953,0,0,11.13473159,0,0,0,0,0,0,0
GLIS1,0,0,0,2.41769339,0,0,10.0269891,0,0,0,0,0,0,0
SMAD7,0,0,0,3.29448297,0,0,10.02872385,0,0,0,0,0,0,0
BIRC5,0,0,0,1.744111303,0,0,12.31868082,0,0,0,0,0,2.448140515,0
INHA,0,0,0,1.894430896,0,0,11.18365642,0,0,0,0,0,1.328385217,0
HNF1B,0,0,0,2.945923714,0,0,11.44162116,0,0,0,0,0,1.404260395,0
MAPK1,0,0,0,0,0,0,8.219174252,0,0,1.334421917,3.194645327,0,3.028913169,0
HNRNPA2B1,0,0,0,0,0,0,7.205247203,0,0,0,5.260777203,0,0,0
LAMA4,0,0,0,3.718893026,2.032631922,0,8.644736005,0,0,0,2.543190159,0,0,0
AR,0,0,0,1.420979123,0,0,7.975473547,1.312593431,1.731713099,0,2.833507371,2.253699765,0,0
NRG1,0,0,0,0,3.011619858,2.635632329,7.434018144,0,0,0,0,0,1.887449885,0
COL18A1,0,0,0,2.271347192,2.382071855,0,8.638087898,0,0,0,1.696401267,0,2.904911096,0
ZEB1,0,0,0,1.85783743,1.338572745,0,7.696356654,0,1.693321712,0,0,0,2.403799692,0
PTH,0,0,0,1.343593336,0,0,7.201424614,0,0,0,0,0,3.872809015,0
IL1A,0,0,0,1.39154623,0,0,8.776374934,0,0,0,0,0,3.57297982,0
GDF2,0,0,0,1.364274907,0,0,8.469402718,0,0,0,0,0,2.904445298,0
CHUK,0,0,0,0,0,1.397780479,9.894354124,0,0,0,0,0,2.18743988,0
GATA4,0,0,0,0,0,0,11.05790576,0,0,0,0,0,2.832888864,0
MRTFA,0,0,0,1.388869615,0,1.397780479,9.894354124,0,0,0,0,0,4.958015222,0
CX3CL1,0,0,0,2.75864937,0,0,10.15017597,0,0,0,0,0,4.608206081,0
TGFB3,0,0,0,2.24261679,0,0,10.54509516,0,0,0,0,0,2.800993822,0
ERK1/2,0,0,0,1.566146468,0,0,10.7132639,0,0,0,0,0,3.612193696,0
NR1H4,0,0,0,2.412117865,0,2.317151636,7.484923185,0,1.921282525,0,0,0,0,0
KLF11,0,0,0,2.00482228,0,0,8.860833834,1.936266526,0,0,0,0,0,0
PIK3R1,0,0,0,3.733154049,0,0,7.546178948,2.074247754,0,0,0,0,0,0
ERBB3,0,0,0,4.361849499,0,1.949018712,7.452080501,0,0,0,0,0,1.715437507,0
SRC,0,0,0,2.633840717,0,1.698734101,6.935112262,0,0,0,0,0,1.500679004,0
ERK,0,0,0,3.201254422,0,0,7.178895276,0,0,0,0,0,3.121524047,0
SMAD4,0,0,0,3.852787374,0,0,7.590303349,0,0,0,0,0,1.591393919,0
NPM1,0,0,0,4.366273583,0,0,7.710529091,0,0,0,0,0,2.477958475,0
NORAD,0,0,0,2.212835557,0,0,8.048128543,0,0,2.113996189,0,0,1.410385294,0
CCN1,0,0,0,1.656013782,0,0,7.49838308,0,0,0,0,0,1.623236458,0
FGF1,0,0,0,2.592270403,0,0,7.864450187,0,0,0,0,0,1.472739124,0
CR1L,0,0,0,2.557579956,0,0,7.375806169,0,0,0,0,0,1.655073647,0
ABCB4,0,0,0,3.486228936,0,0,8.498216955,0,0,0,0,0,0,0
ROCK,0,0,0,2.554355335,0,0,8.346105274,0,0,0,0,0,0,0
TERT,0,0,0,2.45001194,0,0,7.543224441,0,0,0,0,0,0,0
FKBP10,0,0,0,3.109309639,0,0,7.860371947,0,0,0,0,0,0,0
GNA15,0,0,0,2.364674999,0,0,6.506812892,0,0,0,1.904430652,0,0,0
FOXM1,0,0,0,0,0,0,6.527011852,0,0,0,2.291855536,0,2.325918993,0
PRKAA1,0,0,0,0,0,0,5.445101061,0,0,0,2.917873475,0,1.715596539,0
NTRK2,0,0,0,0,0,0,5.636532184,0,0,0,1.482628356,0,0,0
IGFBP2,0,0,0,0,0,0,6.872794028,1.324283285,0,0,1.635680855,0,0,0
MKNK1,0,0,0,0,0,1.430556328,7.258334626,0,0,0,2.282195806,0,0,0
TEAD2,0,0,0,0,0,0,7.263484067,0,0,0,2.935362,0,0,0
TEAD3,0,0,0,0,0,0,7.19484263,0,0,0,1.983098607,0,0,0
TEAD4,0,0,0,1.736703041,0,0,9.564132268,0,0,0,2.032772287,0,0,0
ROR1,0,0,0,0,0,0,9.088809564,0,0,0,1.736974473,0,1.309114008,0
TAF4,0,0,0,0,0,0,9.430166023,1.317627859,0,0,0,0,1.499465826,0
RCE1,0,0,0,0,0,0,9.476033801,0,0,0,0,0,0,0
VGLL3,0,0,0,0,0,0,8.732055949,0,0,0,0,0,0,0
LACTB,0,0,0,0,1.668114518,0,7.578824304,0,0,0,0,0,1.727610785,0
RXRB,0,0,0,0,0,0,7.145252733,0,0,1.321218577,0,0,2.169816823,0
ALDH1A2,0,0,0,0,0,0,7.475480767,0,0,0,0,0,1.690665487,0
NRXN1,0,0,0,0,0,0,5.972565106,0,0,0,0,0,1.655073647,0
FOSL1,0,0,0,0,0,0,6.282719306,0,0,0,0,0,2.16099337,0
ID1,0,0,0,0,1.738693116,0,5.889642869,0,0,0,0,0,0,0
GLIS2,0,0,0,0,0,1.460117677,7.279556571,0,0,0,0,0,0,0
TFAP2A,0,0,0,0,0,1.948138298,6.479522497,0,0,0,0,0,0,0
LATS2,0,0,0,0,0,2.029507541,6.637479062,0,0,0,0,0,0,0
THBS1,0,0,0,1.379719285,0,0,6.536896905,0,0,0,0,0,0,0
PRKCD,0,0,0,1.614687409,0,0,6.848785809,0,0,0,0,0,0,0
MAOA,0,0,0,1.643189162,0,0,7.279556571,0,0,0,0,0,0,0
BMP2,0,0,0,1.648531133,0,0,7.708862638,0,0,0,0,0,0,0
Smad2/3-Smad4,0,0,0,1.306657484,0,0,7.631382044,0,0,0,0,0,0,0
beta-galactosidase,0,0,0,0,0,0,8.161277288,0,0,0,0,0,0,0
MYF6,0,0,0,0,0,0,7.738571327,0,0,0,0,0,0,0
FBN1,0,0,0,0,0,0,7.913741571,0,0,0,0,0,0,0
F10,0,0,0,0,0,0,6.656315591,0,0,0,0,0,0,0
NGF,0,0,0,0,0,0,6.82769048,0,0,0,0,0,0,0
RET,0,0,0,0,0,0,6.986554398,0,0,0,0,0,0,0
FAM3B,0,0,0,0,0,0,6.974846034,0,0,0,0,0,0,0
NFE2L2,0,0,4.131211391,0,2.636426353,1.894285465,0,7.052269206,4.92430306,0,3.264688715,3.183231966,4.998492033,0
CLPP,0,0,8.515173673,0,0,1.648225947,0,9.113247622,0,0,4.162795003,0,0,0
TRAPPC1,0,0,3.802408933,0,0,1.893356374,0,6.165145992,0,0,4.519271622,0,0,0
LONP1,0,0,3.27288872,0,0,0,0,4.738667797,0,0,4.702403291,2.536869567,0,0
ATP5IF1,0,0,1.324195605,0,0,0,1.532438529,5.469248575,5.078897227,1.667301796,2.625929622,0,0,0
HSF1,0,0,2.710098556,0,0,0,4.660488929,5.909653732,1.805211385,0,1.529541732,1.309494879,0,0
MMP3,5.07709489,2.392028408,0,0,1.368499145,0,0,1.750367327,0,0,3.270016718,0,0,0
ONECUT1,4.590559414,0,1.978627312,0,4.316304333,0,0,3.63310288,0,1.832042133,5.337732086,4.266294515,0,0
KCNJ2,0,0,0,0,0,4.173138706,1.38531831,0,0,3.797045717,0,0,1.573374591,5.655386876
EIF4E,0,0,2.626231534,0,0,0,0,0,0,2.665036852,0,3.991487218,5.354590032,0
CDK19,0,1.553152859,0,0,0,3.563464321,2.745676783,0,6.790072051,3.092514163,0,0,0,0
HTT,0,0,0,1.669815785,0,2.778220139,3.205012587,0,4.058066833,3.268176589,0,0,0,0
mir-122,0,0,0,4.236748245,0,2.366993383,1.73951644,0,3.021124697,3.256888019,0,0,0,0
RBPJ,0,0,0,4.682409164,0,0,4.220223301,0,6.782967135,0,0,0,3.973746979,0
LEP,0,0,0,2.553307261,0,1.548983118,5.604226885,1.455671381,6.099938852,0,1.524837473,0,0,0
POU2F2,0,0,0,4.201298751,0,0,2.453863156,0,5.82809441,0,0,0,0,0
ITGA11,0,0,0,4.32966976,0,0,4.056850005,0,4.883151641,0,0,0,0,0
NR4A1,0,0,0,3.441451604,0,0,1.865612326,3.418611881,4.538421411,0,0,2.261262202,0,0
BSCL2,0,0,0,2.206897967,0,0,0,2.635800569,2.120797773,0,0,0,0,0
NFYA,0,0,0,2.295199011,0,0,0,1.433758202,4.529594882,1.70667231,0,0,0,0
CD5,0,0,0,3.267912776,0,0,0,0,3.685953538,1.615215637,0,0,0,0
NF-Y,0,0,0,3.166537773,0,0,0,0,3.22029749,0,0,0,0,0
EGR2,0,0,0,1.810201029,0,0,1.493454948,0,9.604359746,0,0,0,3.032841838,0
SCD,0,0,0,0,0,0,3.062429616,1.726666136,8.413335185,0,0,0,2.082032036,0
NR1H2,0,0,0,0,0,0,0,0,7.178842884,0,0,0,2.493884883,0
PPARD,0,0,0,0,0,0,1.834083642,2.369111137,5.630565217,0,0,0,3.291181441,0
CREB1,0,0,0,0,0,0,2.489222864,0,5.701292868,0,0,0,3.324936871,0
IAPP,0,0,0,0,1.751884918,0,1.46462956,0,8.599708801,0,0,0,0,0
CTBP1,0,0,0,0,0,0,2.674354191,0,9.04186512,0,0,0,0,0
MBTPS1,0,0,0,0,0,0,0,0,10.1061151,2.146679078,0,0,0,0
CTBP2,0,0,0,0,0,0,0,0,10.75877639,0,0,0,0,0
ACACB,0,0,0,0,0,0,0,0,9.944041953,0,0,0,0,0
DBI,0,0,0,0,0,0,0,0,9.944041953,0,0,0,0,0
MTORC1,0,0,0,1.744111303,0,0,0,0,8.841782266,0,0,0,0,0
FGF19,0,0,0,0,0,0,0,0,7.610705239,0,0,0,0,0
CYP7A1,0,0,0,0,0,0,0,0,8.961127784,0,0,0,0,0
MIEF2,0,0,0,0,0,0,0,0,8.329422384,0,0,0,0,0
ELOVL5,0,0,0,0,0,0,0,0,6.42229825,0,3.386288448,0,0,0
HDL-cholesterol,0,0,0,0,0,0,0,0,7.839129222,0,2.25686006,1.874120158,0,0
HSPA5,0,0,0,0,0,0,0,3.111713259,5.475829071,0,2.479579088,0,0,0
PPARGC1B,0,0,0,0,0,0,0,3.252175491,8.169983992,0,0,1.550633774,0,0
SLC13A1,0,0,0,0,0,0,0,3.464978864,5.942259097,0,0,0,0,0
MED13,0,0,0,0,0,0,0,2.355038971,7.418792262,0,0,0,0,0
T3-TR-RXR,0,0,0,0,0,0,0,1.691421795,5.861702563,0,0,0,0,0
NR1D1,0,0,0,0,0,0,0,0,4.11466095,0,0,1.799818613,0,0
KLB,0,0,0,0,0,0,0,0,5.906513949,0,0,2.721237628,0,0
ACLY,0,0,0,0,0,0,0,0,4.572285717,0,0,3.262177454,0,0
SIRT6,0,0,0,1.498059648,1.453641742,0,1.710070166,0,5.806004918,0,0,0,0,0
MMP2,0,0,0,0,0,1.739485109,2.164879195,0,6.475081829,0,0,0,0,0
MPZ,0,0,0,0,0,0,1.624254963,0,6.908448573,0,0,0,0,0
CFTR,0,0,0,0,0,0,1.800762663,0,7.523804603,0,0,0,0,0
NCOA2,0,0,0,0,0,0,1.507269001,0,7.377172558,0,0,0,0,0
FGF21,0,0,0,0,0,0,2.844471205,1.582194309,6.272617918,0,0,0,0,0
RORC,0,0,0,0,0,0,2.298088211,1.618623499,4.310830193,0,0,0,0,0
HFE,0,0,0,0,0,0,1.374625758,1.479059645,5.285388956,0,0,0,0,0
CREM,0,0,0,0,0,0,2.824872578,0,6.095495337,0,0,0,0,0
CPE,0,0,0,0,0,0,2.431547268,0,4.527142099,0,0,0,0,0
SERPINA3,0,0,0,0,0,0,1.660806483,0,4.943235335,0,0,0,0,0
IRS2,0,0,0,0,0,0,2.421040779,0,5.162455538,0,0,0,0,0
AMPK,0,0,0,0,0,0,2.051749776,0,5.354575688,0,0,0,0,0
mir-185,0,0,0,0,0,0,2.105593845,0,5.668860965,0,0,0,0,0
NR1I2,0,0,0,0,2.445228245,1.56859196,0,0,6.841450813,0,0,0,0,0
PDE8A,0,0,0,0,1.539116921,0,0,0,7.517634822,0,0,0,0,0
CYP3A,0,0,0,0,1.366172999,0,0,0,6.819894462,0,0,0,0,0
FGF4,0,0,0,0,0,2.754949926,0,0,4.770870541,0,0,0,0,0
TXNRD1,0,0,0,0,0,1.861006141,0,0,5.73636412,0,0,0,0,0
Pde4,0,0,0,0,1.915913439,0,0,0,4.883151641,0,0,0,0,0
FDFT1,0,0,0,0,0,0,0,0,7.264686725,1.6856618,0,0,0,0
ANGPTL3,0,0,0,0,0,0,0,0,6.044202037,1.303081457,0,0,0,0
ACACA,0,0,0,0,0,0,0,0,6.198489348,1.429545339,0,0,0,0
GSR,0,0,0,0,0,0,0,0,6.093824531,0,0,0,0,0
LILRB3,0,0,0,0,0,0,0,0,6.044202037,0,0,0,0,0
NPC1L1,0,0,0,0,0,0,0,0,6.044202037,0,0,0,0,0
ANGPTL8,0,0,0,0,0,0,0,0,6.37396592,0,0,0,0,0
LPIN1,0,0,0,0,0,0,0,0,6.42229825,0,0,0,0,0
PTN,0,0,0,0,0,0,0,0,6.41519285,0,0,0,0,0
CTNNBIP1,0,0,0,0,0,0,0,0,5.668860965,0,0,0,0,0
CH25H,0,0,0,0,0,0,0,0,5.668860965,0,0,0,0,0
ABCG1,0,0,0,0,0,0,0,0,5.408269339,0,0,0,0,0
FMO3,0,0,0,0,0,0,0,0,5.216608926,0,0,0,0,0
ABCA1,0,0,0,0,0,0,0,0,5.280833501,0,0,0,0,0
SIRT,0,0,0,0,0,0,0,0,4.405517019,0,0,0,0,0
LOC105369760,0,0,0,0,0,0,0,0,4.626807785,0,0,0,0,0
CYP27A1,0,0,0,0,0,0,0,0,4.825773801,0,0,0,0,0
MAF,0,0,0,0,0,0,0,0,4.898910384,0,0,0,0,0
ATP1A1,0,0,0,0,0,0,0,0,4.927279724,0,0,0,0,0
STARD5,0,0,0,0,0,0,0,0,4.927279724,0,0,0,0,0
EHMT1,0,0,0,0,0,0,0,0,0,5.230863676,0,0,0,0
H1-6,0,0,0,0,0,0,0,1.464986576,0,7.347350383,0,0,0,0
H1f1,0,0,0,0,0,0,0,1.464986576,0,7.347350383,0,0,0,0
STX18,0,1.356411338,0,1.770258024,2.81826675,0,5.496453391,0,0,5.378045914,0,0,0,0
PRNP,0,0,0,0,0,0,4.546965279,2.157860879,0,2.24727898,0,1.305355913,0,0
RGS2,0,0,0,2.050641709,0,0,5.021205113,3.271385532,0,3.979691058,0,0,0,0
PSEN1,0,0,2.283056166,2.594556317,0,0,0,3.664304151,0,0,0,5.880836217,2.135872463,0
miR-9-5p (and other miRNAs w/seed CUUUGGU),0,0,2.659309583,3.511778636,0,0,0,2.441859174,2.035172928,0,0,6.92385248,0,0
STIM1,0,0,0,0,0,0,0,0,0,0,1.831747394,3.606315581,2.751103519,0
MHC II,0,0,0,0,0,0,0,0,0,0,0,6.211899097,2.962572235,0
2500002B13Rik,0,0,0,0,0,0,0,1.674146705,0,0,4.993257688,3.342684878,0,0
NAMPT,0,0,0,0,0,0,0,0,0,0,3.721610927,4.392869704,0,0
CLUH,0,0,2.206209543,0,0,0,0,1.305648954,0,0,2.304195081,3.366884279,0,0
BACH1,0,0,1.901589985,0,0,0,0,0,2.046854372,0,1.771820755,4.347082583,0,0
LCK,0,0,0,2.700908844,0,0,0,0,0,0,0,5.941364939,0,0
GFER,0,0,2.083673964,0,0,0,0,0,0,0,0,6.104662343,0,0
CLPB,0,0,4.538346436,0,0,0,0,2.102293239,0,0,0,5.393648722,0,0
