Canonical Pathways,1vsAll,2vsAll,3vsAll,4vsAll,5vsAll,6vsAll
RHO GTPase cycle,6.581801367,0.466373293,3.388245191,17.24579633,16.44787042,12.8106554
Phagosome Formation,29.06297656,2.207063987,9.302837648,12.38330413,3.19475316,11.82241247
Molecular Mechanisms of Cancer,21.77569967,1.809333166,5.792757418,13.23384246,9.771362559,13.87177004
Integrin cell surface interactions,21.75775632,5.403624715,10.02077121,4.69455563,3.451845161,11.45184823
Assembly of collagen fibrils and other multimeric structures,15.352224,3.311880218,5.214033244,1.66143415,1.274868996,11.61789498
Extracellular matrix organization,14.45504785,6.005598594,7.376201511,3.509980824,2.176911749,8.33048719
Granulocyte Adhesion and Diapedesis,10.81576276,3.88912586,7.309275685,4.554318941,0,8.567338339
S100 Family Signaling Pathway,18.78398611,0.745280835,7.617806046,5.665671506,1.590694766,7.985668212
G-Protein Coupled Receptor Signaling,17.62859421,0.566585583,5.369581212,7.972218887,6.639629934,8.045627047
CREB Signaling in Neurons,16.67760897,1.589213786,5.18413743,8.512474768,4.790662915,6.401233231
Breast Cancer Regulation by Stathmin1,14.72688639,1.681176405,5.589795155,8.839301352,4.917156899,7.750175666
Hepatic Fibrosis / Hepatic Stellate Cell Activation,5.861039975,2.263794113,12.49082317,5.053935186,4.031423055,14.27772008
Axonal Guidance Signaling,10.44056704,3.80258993,8.197748152,4.139361008,10.64780369,10.00950886
Signaling by Rho Family GTPases,7.647450144,1.648164437,7.135633868,6.460018632,8.866360401,8.956945195
Cardiac Hypertrophy Signaling (Enhanced),8.524048794,0.721280438,5.528380104,8.706646365,9.152617671,10.72305105
Pulmonary Fibrosis Idiopathic Signaling Pathway,7.206018593,1.691792612,9.952038342,4.481222034,9.195087744,11.11369967
Hepatic Fibrosis Signaling Pathway,7.378577403,1.173847079,7.994537102,5.994867145,7.649167689,12.73351079
Natural Killer Cell Signaling,3.363808354,0,1.270819171,4.861953724,3.128887472,15.06476832
IL-8 Signaling,9.383534215,1.2424859,3.370017398,4.508357918,4.912050981,10.93740739
RAC Signaling,8.976159154,0.991471444,3.459738485,5.534761506,6.539732668,7.498150739
Neutrophil Extracellular Trap Signaling Pathway,11.00166305,0.864838702,1.827417889,4.397473462,1.350326524,11.09689843
Neutrophil degranulation,12.30815883,0.678716885,0.645308253,6.867845471,4.058785441,11.55713158
Pathogen Induced Cytokine Storm Signaling Pathway,8.818841138,1.307981354,7.509882982,4.507710505,0,14.21959809
Role of Osteoclasts in Rheumatoid Arthritis Signaling Pathway,11.01375193,1.25192241,5.384531779,3.931961571,4.208738688,17.8752829
GP6 Signaling Pathway,11.22326423,0.462087429,4.035523267,4.051120349,2.725172621,14.62388582
Leukocyte Extravasation Signaling,10.41840046,0.331372376,2.866425468,5.932804429,3.149166628,16.23431918
Metallothioneins bind metals,8.270497875,10.93755289,3.479001224,0,0.22699607,0
Oxytocin Signaling Pathway,1.1168838,2.195147905,4.02772207,5.867775137,11.31304626,1.606644082
FAK Signaling,10.9935254,0,0.893689522,0,0,4.632883877
ABRA Signaling Pathway,1.055547462,0.790534412,9.702685373,1.429774087,2.202904019,1.722668777
Agranulocyte Adhesion and Diapedesis,6.174714163,4.508718559,9.451894753,3.336578666,0,4.194107725
G alpha (i) signalling events,6.589720381,3.941868637,3.277535635,4.165568148,0,1.613792557
Class A/1 (Rhodopsin-like receptors),6.668414296,3.346967396,5.034274456,5.094723266,0,1.45839252
Elastic fibre formation,8.805521212,4.222116301,8.65222216,1.201654978,3.180535906,8.948445473
Collagen biosynthesis and modifying enzymes,5.353414601,0.699270222,5.140498094,1.785487221,2.089433632,8.936455307
Interleukin-4 and Interleukin-13 signaling,4.510188379,1.380256891,5.902114249,4.930115049,1.461505755,8.631764394
Tumor Microenvironment Pathway,7.020407302,2.029417718,6.986535073,2.71890672,2.899568346,9.693498725
Wound Healing Signaling Pathway,6.390738077,2.234209206,7.364296188,2.379945045,2.8884012,10.46891936
Collagen degradation,9.26708988,1.884231235,5.214033244,1.971517819,1.561495488,10.69172891
Collagen chain trimerization,7.817139639,0.570906775,6.202106491,1.509428055,1.856544206,9.927304419
Myelination Signaling Pathway,2.388560023,0.465190493,6.193693165,3.212273946,8.189055765,6.629245483
Colorectal Cancer Metastasis Signaling,4.755473369,0.997210109,3.317733691,4.261661992,8.879219217,10.23488226
Role of Tissue Factor in Cancer,3.491881819,0.683404452,3.192448793,3.648584324,6.471987427,10.57406516
Sertoli Cell-Germ Cell Junction Signaling Pathway (Enhanced),2.718478791,1.000802995,4.443360515,4.542907228,5.868036004,8.208976965
ID1 Signaling Pathway,1.881480421,0.488079301,3.760832887,4.337688095,4.929805181,8.214325809
Pulmonary Healing Signaling Pathway,1.964054192,0.754961101,3.617997534,1.988658436,3.99763172,10.13454645
Sertoli Cell-Sertoli Cell Junction Signaling,2.891336215,0.944056632,6.210425429,1.352504165,4.227791908,8.314068593
STAT3 Pathway,3.876093604,0,2.952499532,9.580200554,4.199993207,6.633323676
PI3K/AKT Signaling,5.116711364,0.747485868,1.680280117,9.120548125,5.150630179,5.91128983
Ephrin Receptor Signaling,5.038118223,2.585787283,2.603858443,6.981356644,9.089043553,5.812415992
Actin Cytoskeleton Signaling,6.191816658,1.934972581,6.210425429,4.585898582,4.500733853,4.037050626
RHOGDI Signaling,5.754838756,2.735575105,5.348700813,5.958093412,4.967248926,4.587948828
PAK Signaling,5.177755688,2.759747762,5.641984488,3.978818471,5.298864475,6.039421978
Paxillin Signaling,4.562743525,1.396481179,4.522602345,2.922826171,3.545219609,4.506776803
Osteoarthritis Pathway,4.703691007,1.672912366,5.959847389,3.193218767,4.22202519,5.144375478
PTEN Signaling,6.92009905,0.86724493,4.304515445,5.373646173,6.945382086,4.663916976
Semaphorin Neuronal Repulsive Signaling Pathway,8.091464883,1.609132622,4.245981168,3.952636047,6.024452221,5.576066819
Sperm Motility,6.670460279,0,2.567221564,5.081587922,5.161359195,5.496491353
Actin Nucleation by ARP-WASP Complex,6.180500956,2.247615828,2.609621523,4.128952982,5.599254378,5.000700006
ERK/MAPK Signaling,4.486944314,0.630968929,3.776621922,5.282629687,5.497148074,5.121428837
HGF Signaling,5.52200331,1.449787783,4.132616686,4.255579755,5.811580031,6.145450159
Th1 and Th2 Activation Pathway,6.821502868,0,1.506996953,5.551523932,0.845635459,12.11573177
Production of Nitric Oxide and Reactive Oxygen Species in Macrophages,3.175938501,0,0.890653956,3.962373803,3.529569019,9.986682305
Th2 Pathway,5.263557902,0,1.596914331,4.460273743,0.433349441,8.704091796
IL-12 Signaling and Production in Macrophages,5.107776471,0,1.571336009,2.710010286,1.728276799,9.283199133
Th1 Pathway,3.843171747,0,0.705951882,3.522934136,0.508029118,10.02565291
Atherosclerosis Signaling,7.40347514,2.987596802,3.795099166,2.294365734,1.522717293,6.211039831
Neuroinflammation Signaling Pathway,6.194461372,2.131281087,1.606413463,2.348031886,1.173130456,7.417935751
Interleukin-10 signaling,6.744792415,1.073295679,2.836211214,2.125048301,0,6.123060981
HIF1Î± Signaling,8.850531717,1.252865298,2.2963666,4.303940811,2.801340776,6.755174996
IL-15 Production,6.144798356,0,3.214524641,2.995859102,2.823740143,6.330206256
NCAM signaling for neurite out-growth,7.497433849,0.781867804,2.109245129,1.971517819,3.445622684,3.805052422
Immunoregulatory interactions between a Lymphoid and a non-Lymphoid cell,3.708217542,0.493518928,0,0.827191429,0,7.247116276
Cell surface interactions at the vascular wall,5.159217233,0.939434532,0.494042812,0.53103722,0.851680344,5.828736873
FcÎ³ Receptor-mediated Phagocytosis in Macrophages and Monocytes,4.815574962,0,0.793759967,4.409662648,0.723164812,6.126760929
GPVI-mediated activation cascade,5.273330369,0,1.217402744,2.532515011,0.855169607,4.982549487
Role of Pattern Recognition Receptors in Recognition of Bacteria and Viruses,5.965890735,0.802457081,0.89525657,3.203843896,0.994107888,4.776522139
TREM1 Signaling,4.621686483,0.58391124,1.322195597,2.508832839,0.769064254,7.004495284
Crosstalk between Dendritic Cells and Natural Killer Cells,3.799052547,0,0.488108712,2.270311026,0.654890398,5.144989548
Interleukin-2 family signaling,3.418125073,0,0,2.835731432,0.791214903,6.820221224
"Role of Macrophages, Fibroblasts and Endothelial Cells in Rheumatoid Arthritis",1.77282732,0,3.58059845,2.58285137,3.101462794,7.606755077
Role of Osteoblasts in Rheumatoid Arthritis Signaling Pathway,2.867215742,0.68336894,3.20198501,1.928265539,1.939068912,7.30415542
Glioma Invasiveness Signaling,3.499735661,1.025409395,1.728307413,2.360327674,2.845802862,7.950578763
HMGB1 Signaling,4.437104294,1.017782975,1.891808544,1.320325049,1.862552286,7.146932795
RAR Activation,4.545946419,0.273123835,1.903483637,1.505909683,2.477421797,8.078457315
IL-17A Signaling in Fibroblasts,4.014230456,0,3.850999056,1.733567411,0.967391523,5.448677737
HOTAIR Regulatory Pathway,3.662642164,0.27758288,2.296173146,0,1.434134067,5.842236141
Regulation of Cellular Mechanics by Calpain Protease,4.441500519,2.956830438,3.193561231,2.0609249,3.00706025,5.218975402
Erythropoietin Signaling Pathway,3.650465982,1.650774966,1.8553761,1.300965822,3.067946574,5.164877947
Neuregulin Signaling,4.161439543,1.272641422,1.548964007,1.830764038,2.341895541,4.55067743
Signaling by PDGF,3.927342524,1.973425946,1.168595856,2.251262528,2.118631594,5.385636706
Protein Sorting Signaling Pathway,0,0,0,8.950844515,2.809871177,1.543870493
CLEAR Signaling Pathway,1.10503034,0.674262273,1.114486022,8.913367843,5.374861393,0.703980983
GÎ±i Signaling,2.77610172,0.980426332,1.326977834,7.01769026,4.139521685,1.615140885
Pyroptosis Signaling Pathway,1.760047732,0.44221775,0.454102672,5.385946765,0.463626884,2.920720522
cAMP-mediated signaling,5.143699986,0,1.224350197,7.813223995,2.968027348,1.587271095
G alpha (12/13) signalling events,3.813427288,0.257999317,1.832999091,4.928600588,2.430013126,2.186357626
Signaling by VEGF,4.616023377,0,1.594804265,6.017203611,1.797350291,2.27579747
NGF Signaling,0.808772092,0,1.148516039,2.509408218,9.178684658,5.291664516
Synaptogenesis Signaling Pathway,3.54581766,1.805877443,1.829875129,1.662358776,6.48316158,4.785514513
Regulation of the Epithelial Mesenchymal Transition by Growth Factors Pathway,2.072003839,1.44354183,3.205990767,2.228476238,7.068804435,5.296493145
Regulation of the Epithelial-Mesenchymal Transition Pathway,1.420892401,1.06645049,4.390353977,2.2811937,7.558666521,4.314546348
Opioid Signaling Pathway,4.150013459,1.220926995,0.302161808,5.886492445,8.277533742,3.280038158
Estrogen Receptor Signaling,2.300159342,1.265761416,2.327410176,5.372055688,9.109997297,3.133496566
Relaxin Signaling,3.067377851,0,1.307853845,3.846787376,7.148223183,2.752778467
Apelin Endothelial Signaling Pathway,2.680548534,0.632023318,1.244777468,4.095326027,7.856256042,5.08558253
GDNF Family Ligand-Receptor Interactions,3.391220702,0,2.768274783,3.601615557,8.636128972,5.008081115
Thrombin Signaling,2.311415794,0,3.070790504,5.672904412,6.727077202,5.110446887
fMLP Signaling in Neutrophils,3.96018695,0.436547676,1.79934244,4.69826214,6.772696082,5.670482972
P2Y Purigenic Receptor Signaling Pathway,3.876093604,0.424330253,2.005295899,4.501076703,6.122076212,4.54450024
IGF-1 Signaling,1.412081085,0,3.423576753,5.000972673,6.820497543,1.621824673
Heme signaling,1.588115704,0,2.746685619,3.797119293,7.856904232,0
ERK5 Signaling,0.787771055,0.292342747,1.443867949,2.794212091,6.762317087,1.245801995
Insulin Receptor Signaling,0,0,0.447232522,3.724051241,4.487661029,0.651224345
Class I MHC mediated antigen processing and presentation,0,0,0,3.682634446,5.96068261,0.350941768
Mitotic Prometaphase,0,0.488079301,0.593525781,2.81810459,5.919775889,1.072828974
Epithelial Adherens Junction Signaling,0,1.136328629,0.730189417,2.218255644,6.229420462,3.480182242
UVA-Induced MAPK Signaling,0.900291465,0,1.609157389,2.448738186,5.221928656,2.598972795
AMPK Signaling,0.492597794,0.315417594,1.275429056,1.921131368,5.273576633,1.706742304
Autophagy,0.708123239,0,0.428643148,2.10478153,5.178969581,1.990386373
Apelin Pancreas Signaling Pathway,0.686999657,0,0.991902477,1.915108507,4.338452373,3.68348235
Growth Hormone Signaling,0.538999563,0,0.94408936,2.638672344,4.434786127,2.567612606
IL-1 Signaling,0.694182866,0,0.562020454,2.180382198,4.370614846,2.777966949
Adrenomedullin signaling pathway,2.241890906,0,1.878096381,2.490697991,5.076122887,3.046342606
Glutaminergic Receptor Signaling Pathway (Enhanced),2.996438608,1.39409621,1.447951089,2.882338988,4.538116992,2.936337052
Integration of energy metabolism,1.866038936,1.049740767,1.232264579,3.803653994,4.475697197,2.472616614
RHOA Signaling,0.779470474,0.496220425,2.801258669,4.185365492,5.198429146,2.446821046
FLT3 Signaling in Hematopoietic Progenitor Cells,0.618214996,0,1.34728536,4.394716954,4.834636554,3.398738672
Mouse Embryonic Stem Cell Pluripotency,0.361707515,0,2.299651154,3.509980824,4.993271602,3.672868368
PPARÎ±/RXRÎ± Activation,1.76019586,0.539207735,0.474176675,2.65409216,6.323025202,3.27971548
Melanocyte Development and Pigmentation Signaling,0.900291465,0.392674233,0.85464892,3.397811497,5.67402115,3.038608444
GNRH Signaling,1.52648872,0.81749605,1.706453523,3.566711556,5.863739418,3.384744164
CNTF Signaling,0.469858011,0,1.826567884,3.762327711,7.038327791,2.796713567
JAK/STAT Signaling,1.238054367,0,2.349439332,3.218724132,6.311961268,3.398738672
Angiopoietin Signaling,1.8141422,0.268917798,2.302242908,3.109222857,6.680137385,4.331258748
Fc Epsilon RI Signaling,1.428297245,0,0.984174978,4.963897192,1.910123948,5.97052771
Reelin Signaling in Neurons,1.989960255,0,2.10186798,7.01769026,4.139521685,5.253914847
Oxytocin in Brain Signaling Pathway,4.166543109,1.028495312,2.117632966,3.66898551,5.076122887,4.153812751
Integrin Signaling,3.741617649,1.570980942,3.288097165,4.089908875,3.906602228,4.430026481
Pancreatic Secretion Signaling Pathway,2.46963087,0,2.331981734,5.397020035,3.495392542,2.611957238
Response to elevated platelet cytosolic Ca2+,3.048591648,0.725142687,2.121829604,4.799627433,2.539827204,4.225269091
NAFLD Signaling Pathway,1.732837718,1.105929106,2.315002499,4.053636491,2.764872584,3.977228434
Circadian Rhythm Signaling,1.813466241,1.330664814,0.699449623,4.33267751,4.753693502,3.969677138
Docosahexaenoic Acid (DHA) Signaling,2.405477915,1.492056484,1.083103387,5.4536128,4.907368338,3.138608776
Role of NFAT in Cardiac Hypertrophy,1.465018005,0.81996235,2.315002499,4.58787798,4.565040663,4.354058174
CCR3 Signaling in Eosinophils,2.096122834,0.418354245,2.260125337,4.405184867,5.609718805,4.491901943
Acute Myeloid Leukemia Signaling,2.186785691,0,0.81852414,2.407959169,6.583246731,6.851600667
Renin-Angiotensin Signaling,1.701812399,0,1.609513495,4.641482337,5.714005968,6.330206256
Serotonin Receptor Signaling,4.292104031,0.701113599,1.497457477,3.776693593,4.06376877,7.357077463
Endothelin-1 Signaling,4.342621445,0,0.997441646,2.765473584,5.126459225,5.650671456
GÎ±q Signaling,3.859812837,0.251384434,0.516090449,3.562363471,5.338568541,5.46683188
ILK Signaling,1.901817549,0.732753938,4.849109794,2.234185436,3.536573313,4.514991757
GÎ±12/13 Signaling,2.518682295,0.424330253,4.07156126,2.672594447,3.530106619,4.54450024
IL-6 Signaling,1.201270643,0,5.651867483,1.942096767,3.834925247,5.268157006
MSP-RON Signaling in Cancer Cells Pathway,1.938901661,0,5.300607177,2.986913521,4.675026965,5.141045683
Ovarian Cancer Signaling,0.394054043,0,3.112851658,1.341925613,3.628331889,4.677947754
Neurotrophin/TRK Signaling,1.341354354,0,2.580347594,0.991365005,4.396251222,3.119487037
Role of NANOG in Mammalian Embryonic Stem Cell Pluripotency,0.751174068,0,2.063761814,1.365554765,4.617754114,3.602938098
RANK Signaling in Osteoclasts,1.034757065,0,1.302067531,1.164714356,4.266970093,5.000700006
Transcriptional Regulatory Network in Embryonic Stem Cells,0,0,1.769903756,1.153675949,3.892765917,4.01032807
Prostate Cancer Signaling,0.446738884,0,0.877090541,1.253655295,3.326930893,4.108227768
Chronic Myeloid Leukemia Signaling,1.619596741,0.332602039,2.583026049,1.911867559,4.583268652,7.911423987
Glioblastoma Multiforme Signaling,1.291849644,0.435602859,1.766615665,1.329293414,3.94981787,7.429479085
Germ Cell-Sertoli Cell Junction Signaling,1.910577546,0.441036518,1.797237204,1.718203546,4.331650405,6.446744045
"Role of Osteoblasts, Osteoclasts and Chondrocytes in Rheumatoid Arthritis",2.246828095,0,1.744980149,1.732557301,4.037280361,6.719275363
Macropinocytosis Signaling,2.834294136,1.491134668,3.206810895,2.85066042,3.43624392,5.008081115
VEGF Family Ligand-Receptor Interactions,3.492086996,0.228079395,3.465920029,2.684576503,3.358300832,4.922811641
Activin Inhibin Signaling Pathway,3.204089469,0.408508528,2.810503645,2.201433287,3.613448512,5.895129134
IL-2 Signaling,2.926484656,0,2.337912892,2.032402809,3.549403106,5.493162421
Pancreatic Adenocarcinoma Signaling,1.259445571,0.246380214,1.445359459,1.886005337,3.08877113,5.990178345
CD40 Signaling,2.150154186,0,2.037933381,1.925998833,2.633563524,6.399195746
Estrogen-Dependent Breast Cancer Signaling,2.053466918,0.892038851,2.349439332,0.999962173,3.547821039,4.484205181
IL-9 Signaling,1.496813444,0,2.05733521,1.569746059,3.275525789,4.85106436
Autism Signaling Pathway,1.897895192,0.746790683,2.195071797,1.478609379,3.516600404,5.390296544
Cardiac Hypertrophy Signaling,1.917793356,0.589977699,2.18583944,2.301364891,5.417893929,4.531012655
Ceramide Signaling,1.760047732,0,2.609621523,2.407959169,4.691698375,4.437289949
Human Embryonic Stem Cell Pluripotency,1.078932534,0,2.304553832,2.81810459,4.61949256,4.887861068
PEDF Signaling,0.863617119,0,2.241722643,2.369296722,4.599940169,4.346664026
NF-ÎºB Activation by Viruses,2.2008099,0.553793776,1.505600109,3.268501755,4.396251222,6.707787071
Role of JAK1 and JAK3 in Î³c Cytokine Signaling,2.109504664,0,1.29815977,3.625261028,3.327404882,5.609145214
CXCR4 Signaling,2.301886439,0.702769076,1.859827394,2.914095345,4.160340553,5.101384024
Thrombopoietin Signaling,2.322213373,0,1.516484559,2.272926415,3.436726265,5.39797857
Prolactin Signaling,1.672516054,0,1.472147608,2.772867936,3.966163294,4.793033532
LPS-stimulated MAPK Signaling,1.950141407,0,1.843369389,2.596834815,4.059310083,5.448677737
Primary Immunodeficiency Signaling,0,0,0,0.298506323,0,6.640987837
Sensory processing of sound by outer hair cells of the cochlea,0.283054214,4.456306753,2.999964547,3.873804927,0.8362855,0
Sensory processing of sound by inner hair cells of the cochlea,0.34427663,3.741655993,2.874215103,4.189773181,2.633563524,0
SPINK1 General Cancer Pathway,4.367463367,4.451933849,3.669944279,1.248940077,2.117935967,3.127741571
Inhibition of Matrix Metalloproteases,5.68286896,3.608656354,1.82574585,0.357823458,1.545642108,3.747746435
L1CAM interactions,4.861389835,3.196311293,2.104234314,0.753543274,1.895987338,1.715672618
Degradation of the extracellular matrix,7.796822323,2.390311282,2.212865467,1.864645679,0.45088559,1.518239798
Neurovascular Coupling Signaling Pathway,6.732567645,2.990571161,2.371910632,1.990363769,2.091506385,1.433298433
O-linked glycosylation,6.268642591,1.844832041,3.125963893,1.496699351,1.888647215,1.477329313
Platelet Aggregation (Plug Formation),4.717148392,0,5.025143083,0,0.755140516,2.064145373
Airway Pathology in Chronic Obstructive Pulmonary Disease,2.650106156,2.785176741,3.114401508,0,0,1.596609974
Syndecan interactions,5.418419718,1.629231184,0.868691596,1.798454993,1.931724759,2.805808414
Toll-like Receptor Cascades,3.979129116,1.471768473,1.47102582,3.786347283,1.496799033,0.828088902
G alpha (q) signalling events,4.677433416,0.424933307,1.479925269,3.619626451,0.821004174,1.11951815
RHO GTPases Activate NADPH Oxidases,4.179992132,1.045132385,0.740935119,2.61426632,0.773022676,1.878258125
Adenine and Adenosine Salvage III,3.720610378,0.823071917,0.275851741,1.402311128,0.976927672,1.128120846
Complement System,3.404939792,0,0.274557105,2.257664923,0.514307622,1.467743516
Cell junction organization,3.202551015,0.790534412,2.29273344,0.323334578,3.567875803,1.06821289
Macrophage Alternative Activation Signaling Pathway,5.037153567,0.563575582,2.771215432,3.375596206,2.00548147,3.420450256
Regulation of Actin-based Motility by Rho,5.402188912,1.767785877,3.681495642,2.743265819,2.762141028,2.799621591
Signaling by MET,3.870441157,1.44988796,2.641517118,2.333322782,2.86319568,2.68513681
Glycosaminoglycan metabolism,4.427982558,0.553793776,1.832999091,2.567519051,2.777348513,2.634888786
Nitric Oxide Signaling in the Cardiovascular System,3.429750754,0.272040483,2.229979868,2.784652219,2.595962937,2.521175609
Regulation of Insulin-like Growth Factor (IGF) transport and uptake by IGFBPs,3.349582493,1.174540676,3.539477236,1.665616931,3.059528925,3.698512977
Post-translational protein phosphorylation,3.567946668,0.633815559,2.969082353,1.493568229,2.116449126,3.156494516
ROBO SLIT Signaling Pathway,3.233125776,0.772179508,3.002662677,1.513280725,1.57145487,2.719548273
Platelet Adhesion to exposed collagen,4.289731493,0.530712676,2.600892748,1.123306402,0.593860289,0.578640986
Gustation Pathway,2.921043728,1.350346553,3.177827873,1.35701281,1.221929854,0.893273448
Potassium Channels,4.308684242,2.011603283,3.202237514,1.088227857,0.76866334,0.829452146
GP1b-IX-V activation signalling,3.744998845,0,3.217269597,0.320539716,1.373006505,2.200584247
Activation of Matrix Metalloproteinases,4.620622176,1.402137388,2.906622988,0.610073353,1.70949544,2.275621937
Caveolar-mediated Endocytosis Signaling,4.109417091,1.533904416,2.478789174,0.664616722,0.369301068,2.896967463
Agrin Interactions at Neuromuscular Junction,2.150154186,0.324946944,2.439413887,1.925998833,1.355471458,1.806136626
Inhibition of Angiogenesis by TSP1,2.90852115,0.735921921,2.230523318,1.785048243,1.611718393,1.632369813
RUNX1 and FOXP3 control the development of regulatory T lymphocytes (Tregs),2.994925385,0,1.130910018,0.854678054,0.6130039,2.526263749
Retinoid metabolism and transport,3.570735772,0,1.501249173,0.931759441,1.172933675,2.104851658
Eicosanoid Signaling,3.186365928,0.662002638,1.622840686,0.870727035,1.300258587,2.673979566
IL-33 Signaling Pathway,2.960057307,0,1.381624718,0.872799563,1.370882476,2.810989881
DHCR24 Signaling Pathway,0.408888182,0.664340917,3.101813782,3.209030834,2.147833197,4.337902885
CDX Gastrointestinal Cancer Signaling Pathway,2.867154666,0,2.807847801,1.013583141,0.658818203,4.432631749
Coagulation System,2.149219195,0.253941566,3.296272009,2.080201746,0,2.75085369
MSP-RON Signaling Pathway,2.561080849,0,3.086006252,2.409524107,0.836597676,3.882110301
IL-17 Signaling,1.042820004,1.146687456,3.422730599,0.513055238,0.290043177,3.456511369
Bladder Cancer Signaling,1.886102167,1.74913236,3.619742527,0.316874272,1.206646649,2.361353609
Role of Chondrocytes in Rheumatoid Arthritis Signaling Pathway,1.619298608,1.783299804,3.003709642,1.437518498,1.397862283,4.238299854
Role of JAK family kinases in IL-6-type Cytokine Signaling,0.697787838,0.563627905,4.510637222,1.489723377,1.094410943,3.701564453
Role of IL-17A in Arthritis,0.469858011,0.812094299,3.688845953,0.793152444,2.035616574,3.961120311
IL-17A Signaling in Airway Cells,0.88981482,0.324946944,3.341333688,1.371282015,1.940327124,4.40694363
Striated Muscle Contraction,0,0.698039833,6.039001581,1.226737425,0.55485966,0
Dilated Cardiomyopathy Signaling Pathway,0.324499511,1.231714575,5.187722882,3.813116166,1.250548051,0
Cardiac conduction,1.220368352,0.455560381,6.712025422,2.75491377,2.127408378,1.290298638
LXR/RXR Activation,1.059389814,1.624895429,3.597966813,3.295761293,2.258474834,2.114950322
Clathrin-mediated Endocytosis Signaling,1.229261907,0.956608624,3.496183796,3.15876637,2.667918547,0.798607536
Cellular Effects of Sildenafil (Viagra),1.74722221,0.57933329,2.915045913,2.220567757,2.070364408,0.697733683
Ion channel transport,1.991502406,0.608854495,2.46869361,2.834323027,2.548911962,1.199862661
Interleukin-6 family signaling,0.939303805,0,3.426016994,2.809437805,1.360232215,1.718202716
Intrinsic Prothrombin Activation Pathway,1.248253654,0,3.125818423,1.694369419,0.349530427,1.701017694
Formation of Fibrin Clot (Clotting Cascade),1.365474187,0.22427544,2.858783131,1.632231224,0,1.369046761
Role of JAK2 in Hormone-like Cytokine Signaling,0.427884166,0.767288215,3.420737182,1.585170404,2.142509412,1.677362457
Receptor-type tyrosine-protein phosphatases,0.19354065,1.11710875,4.152582279,0.636737732,1.84766728,0.839355819
Class B/2 (Secretin family receptors),1.701170842,1.166313519,5.163968533,1.48741345,0.546370864,0.997310541
NGF-stimulated transcription,0.893285573,1.221422569,4.092291827,1.293392095,0.441326478,0
Calcium Signaling,0,1.500043063,3.646714288,1.63133007,0.772789584,0
Endocannabinoid Developing Neuron Pathway,1.239758305,0.242351183,0.78058303,4.051120349,3.995743323,3.464329005
Insulin Secretion Signaling Pathway,1.215660256,0,0.972798701,4.317135798,3.32534609,3.084588034
Î±-Adrenergic Signaling,0.521787708,0.337610694,1.055150012,4.274525447,2.564435165,2.636286975
Signaling by SCF-KIT,0,0.198903102,0.345073903,4.330348462,3.316848827,2.742842815
NLR signaling pathways,0.516160444,0,0.287784897,3.273801442,1.594681949,4.210647145
Xenobiotic Metabolism Signaling,1.389091083,0,0.691494529,3.609933725,1.486176156,4.435844816
Cholecystokinin/Gastrin-mediated Signaling,1.804764382,0.28588912,0,2.191174282,3.102507493,3.048473855
IL-3 Signaling,1.715554032,0,0.694383368,1.613668512,2.353840271,4.122702518
Senescence Pathway,2.048166061,0.588095087,0.532064429,2.402869184,3.717806704,4.619032124
Type II Diabetes Mellitus Signaling,1.680196304,0.848195154,1.199175756,2.276346468,3.501301432,4.115920807
Endocannabinoid Cancer Inhibition Pathway,1.159911271,0,0.732939211,3.306935677,3.47190724,4.765788516
Gap Junction Signaling,0.699976918,0,1.270819171,3.737049713,3.655392856,3.804713121
PDGF Signaling,1.479933564,0,1.754029208,3.430447745,3.46318512,4.149425802
Aldosterone Signaling in Epithelial Cells,1.866247747,0,0.760048387,2.666909764,2.774610814,3.63920273
Chemokine Signaling,1.715554032,0,0.917985005,2.478863166,2.353840271,4.122702518
GM-CSF Signaling,1.576761016,0,0.503789973,3.386069752,3.126127741,3.606021026
HER-2 Signaling in Breast Cancer,1.177449539,0,0.876150059,2.920000899,2.848293477,3.870994268
14-3-3-mediated Signaling,1.239758305,0.242351183,0.969510316,2.827321034,3.33016774,3.91127125
Opioid Signalling,1.45299631,0,0,3.694515591,5.035350786,1.11815441
Protein Kinase A Signaling,1.830182756,0,1.075558735,3.711192531,4.800470841,1.089476009
Cardiac Î²-adrenergic Signaling,1.739010815,0.399372867,0.809342915,3.534256477,4.076022304,1.500482426
Endocannabinoid Neuronal Synapse Pathway,2.499383617,1.244231972,0.582555724,3.595083588,2.890319325,1.397456754
Dopamine-DARPP32 Feedback in cAMP Signaling,2.611008118,0,0.458091487,4.800533703,2.635511237,1.376689463
Platelet homeostasis,2.950286132,0,1.012137109,4.148744741,3.358300832,1.940262124
RAF/MAP kinase cascade,2.8270624,0,1.763020525,3.293164481,3.088367091,2.033381143
p75 NTR receptor-mediated signalling,2.858558298,0,0.85464892,2.168091537,3.235434502,2.190174871
Synaptic Long Term Potentiation,1.491074442,0,0.315548597,3.468714799,3.118373945,1.244904616
tRNA Splicing,2.135762742,0,0.483364753,2.017466061,2.925428746,0.721542792
Signal amplification,1.644953021,0.755982044,0.612674847,2.348776757,3.186777318,0.757838866
Synaptic Long Term Depression,1.985215692,0.51587131,0.538779271,2.231205229,2.986135082,1.625662422
"Plasma lipoprotein assembly, remodeling, and clearance",0.750430345,1.512323938,1.361630974,3.323986967,2.757731517,0.877776203
G Beta Gamma Signaling,0.956696156,1.526550522,0.969510316,3.724133902,3.02003254,1.923796569
Orexin Signaling Pathway,1.759161765,0.984260296,1.316954369,4.145233257,3.003867063,1.998904084
GÎ±s Signaling,1.299732929,0.781974247,0.514891325,3.353475421,1.403737693,2.017196895
Corticotropin Releasing Hormone Signaling,1.109239103,0.857664611,1.444621003,3.652576214,1.755763837,1.899594915
PIP3 activates AKT signaling,0.792407654,0.395300992,1.109288256,3.724051241,2.09615374,1.615140885
White Adipose Tissue Browning Pathway,0.820162763,0.672687265,1.160121551,3.583721295,2.200553088,1.378787353
Acute Phase Response Signaling,0.67087144,0,2.131606598,3.453013637,2.934595499,1.926709832
Antiproliferative Role of Somatostatin Receptor 2,0.697787838,0.563627905,1.547827492,2.658973485,3.241371619,1.813728137
Xenobiotic Metabolism General Signaling Pathway,0.526137403,0,0.808627069,2.777519084,1.852723764,2.444383895
Leptin Signaling in Obesity,0.732446823,0,0.796753859,2.85066042,3.042326074,2.321600914
Superpathway of Inositol Phosphate Compounds,0.530481746,0,1.040439836,2.131406311,2.486317379,2.066351608
GPCR-Mediated Nutrient Sensing in Enteroendocrine Cells,1.831472155,0.29066623,0,2.521525551,1.539390376,1.927843048
Signaling by CSF1 (M-CSF) in myeloid cells,1.754733922,0,0.406473384,3.194275925,1.924043085,3.12228754
Neuropathic Pain Signaling in Dorsal Horn Neurons,2.284993334,0,1.232264579,2.805917016,1.565925507,2.472616614
IL-23 Signaling Pathway,1.506894896,0,1.669827785,2.580117777,2.26665019,2.399463202
UVB-Induced MAPK Signaling,1.291385793,0,1.020409136,2.295280512,2.096574937,2.56775363
Acetylcholine Receptor Signaling Pathway,1.720921464,0.327261943,0.837560237,2.543857177,2.164733092,2.228679277
Semaphorin interactions,3.531962604,0.361821307,0,0.585210515,1.984170174,4.184247374
DAP12 interactions,2.358568288,0.599525581,0,3.42641337,0.349530427,3.462768351
Multiple Sclerosis Signaling Pathway,2.422874201,1.143337466,0.997244808,2.448450874,0,3.060525244
Inflammasome pathway,1.804630859,0,0.474202633,1.857652125,0.588605404,5.663988947
Antioxidant Action of Vitamin C,2.350766776,0,0.562200104,1.552230912,1.091606062,3.733367299
Role of PKR in Interferon Induction and Antiviral Response,1.735001942,0,0.378825708,1.476599765,0.876028787,4.026062014
Glucocorticoid Receptor Signaling,1.572991846,0,0.298469774,1.440071303,0.499324263,4.465642461
Sphingosine-1-phosphate Signaling,2.515080361,0,0.318514738,2.784652219,1.365060105,4.271665834
"Interleukin-3, Interleukin-5 and GM-CSF signaling",2.249568188,0,0,2.56743575,0.627284783,4.298273799
IL-10 Signaling,2.357863391,0,0.509396861,2.450586213,0.684968519,3.645348363
Costimulation by the CD28 family,0.457858626,0,0,1.309891857,0,3.765773006
Immunogenic Cell Death Signaling Pathway,0,0,0,2.0609249,0.408069213,3.563325213
"PD-1, PD-L1 cancer immunotherapy pathway",1.697743518,0,0,0.457967986,0.475805212,5.039496928
Atorvastatin ADME,0.521660248,0,0.275851741,0.345287255,0.456970549,4.611529003
Cachexia Signaling Pathway,1.135377843,0.841802489,0.366645328,0.528969938,0,4.525756043
Kinesins,0,1.286583951,0.549102899,0,1.878670678,3.219516597
Apoptosis Signaling,0,0.662144829,0,1.899977837,2.302288791,3.302283154
Semaphorin Signaling in Neurons,1.502117388,0,0,0.900617067,1.561495488,3.219516597
Role of PI3K/AKT Signaling in the Pathogenesis of Influenza,0.35512032,0,0.405502495,0.96703938,1.412750456,2.785336868
Netrin-1 signaling,0.990042474,0,0.39344571,0.823433861,1.092358812,2.829962258
FAT10 Cancer Signaling Pathway,0.990042474,0,0,0.449210045,1.384155831,4.0809962
IL-7 Signaling Pathway,0.24472999,0,1.210223828,1.428262472,1.277806799,4.190879375
Small Cell Lung Cancer Signaling,0.664469738,0,0.701204977,0.778299919,1.57768965,4.124109953
Glioma Signaling,0.348887489,0.250477784,0.499650341,1.320351667,1.796315514,4.010854673
Hepatic Cholestasis,0.830574348,0,0.464864025,1.519469013,1.213179546,4.086166277
4-1BB Signaling in T Lymphocytes,0.621473572,0,0.893372892,1.407223803,1.238247497,3.538932102
iNOS Signaling,1.078760871,0,0.991902477,1.267044415,1.60374332,3.68348235
Oncostatin M Signaling,0,0.584982705,1.173417047,1.599372588,1.949194081,3.374270785
UVC-Induced MAPK Signaling,0.604473608,0,1.145489045,1.552439218,1.634850225,2.761476781
Signaling by NOTCH3,0.990042474,0.49512544,0.874584971,1.636589446,2.076773015,2.829962258
ERBB4 Signaling,0.868350083,0,0.758765971,1.565460052,2.19447617,3.188674299
Telomerase Signaling,0.73757323,0,0.818629652,2.016736704,1.943555033,3.467556089
Lymphotoxin Î² Receptor Signaling,1.19719202,0,1.211026476,0.89253816,1.52537939,2.924625142
ERBB Signaling,1.325778213,0,1.509675892,0.891458281,2.302504534,2.82470974
Non-Small Cell Lung Cancer Signaling,0.462044139,0,1.472147608,1.02673433,2.235796672,3.727506748
ERB2-ERBB3 Signaling,0.934449005,0,1.425189657,1.503832516,2.439695042,3.37992926
CD27 Signaling in Lymphocytes,0.500213507,0,0.651122274,0.690518873,2.204852858,3.503783037
Endometrial Cancer Signaling,0.427884166,0,1.012902961,1.067922397,2.142509412,3.152857511
B Cell Activating Factor Signaling,0.782348458,0,1.173417047,0.546141358,1.949194081,3.374270785
April Mediated Signaling,0.808495593,0,1.223926643,0.590193849,1.657379921,3.462768351
Apelin Cardiomyocyte Signaling Pathway,1.188091126,0,2.549294305,2.665426842,2.818488148,2.99089928
MSP-RON Signaling in Macrophages Pathway,2.548141447,0,2.27338362,2.580019178,2.96030141,3.392160489
Virus Entry via Endocytic Pathways,2.163433789,1.229501901,2.651388265,2.652266423,2.437331996,3.005252846
CDK5 Signaling,2.318402464,0.899123733,1.90664295,2.198395386,2.466206003,2.799621591
Thyroid Cancer Signaling,1.368582833,0.263395544,2.641517118,0.847606008,2.86319568,3.176014634
PPAR Signaling,0.783121544,0.996560471,1.358914536,1.717466285,2.116449126,3.156494516
Transport of inorganic cations/anions and amino acids/oligopeptides,1.460611767,0.662144829,1.747969981,1.899977837,2.302288791,2.852442437
EGF Signaling,1.608621126,0,1.884150793,1.598830486,2.118631594,2.859818625
Microautophagy Signaling Pathway,2.198494074,0,1.680368554,1.515867328,2.049076269,3.014949248
Triacylglycerol Biosynthesis,0.516160444,0,2.004995533,1.459434971,1.594681949,1.951243318
VEGF Signaling,1.188091126,0,2.549294305,1.602540354,1.926773566,2.152098503
Regulation of the Epithelial Mesenchymal Transition in Development Pathway,0,0,2.966574836,0.869546627,2.23903026,2.753604658
BEX2 Signaling Pathway,0,0.534713476,1.73983515,0.901088708,1.970036158,2.537436618
WNT/Î²-catenin Signaling,0.298472559,0,1.736435018,0.537901541,2.527324254,2.889165021
Tight Junction Signaling,0.264263082,0.399372867,2.580978869,0.708064893,1.811940068,0.657152275
Role of p14/p19ARF in Tumor Suppression,1.698642357,0,1.402499438,0.449185338,1.813435798,1.231957565
Role of IL-17F in Allergic Inflammatory Airway Diseases,0.379356338,1.029600414,1.336572756,0.562269241,1.967020745,1.457614372
TR/RXR Activation,0.697452458,0,2.202832475,0.611748038,2.387061852,1.577920189
EGR2 and SOX10-mediated initiation of Schwann cell myelination,0.368945875,0,1.619920779,0.386167748,1.699505775,1.390716923
Glycerophospholipid biosynthesis,0.918377926,0.399365058,1.648132079,0.743284924,1.776315396,1.186525345
WNT/Ca+ pathway,1.341965279,0,0.285728106,0.272099349,2.913642537,1.147966169
TNFR2 Signaling,1.136845125,0.279664286,0.649042951,0.281570106,2.274451269,1.754913843
Ribonucleotide Reductase Signaling Pathway,0.450222235,0.687424956,0.795045225,0.799355256,2.631616298,2.606729115
Melanoma Signaling,0.935533335,0,1.102189524,1.190019928,3.133733066,2.695003182
Factors Promoting Cardiogenesis in Vertebrates,0.846113826,0,0.300726298,0.6000774,3.205946099,2.531030855
p53 Signaling,1.562852591,0.702127476,2.245691773,1.434410445,3.235434502,1.813453458
Neurexins and neuroligins,1.646052897,0.843829974,1.211026476,1.678552267,3.460331183,1.464425517
Signaling by Erythropoietin,2.152871018,0.355421671,0.604557216,1.208794325,2.765372219,1.645144829
MIF Regulation of Innate Immunity,2.243554248,0,1.501249173,0.69967304,2.700116286,2.669497923
Renal Cell Carcinoma Signaling,1.715554032,0.252725582,1.464462776,1.368961419,3.056931609,2.143165777
Ephrin A Signaling,1.986178659,0,0.91207092,1.125841189,2.581848584,2.337247313
MIF-mediated Glucocorticoid Regulation,1.496813444,0.246067869,1.161788874,0.92899383,2.260416758,2.0602613
GABAergic Receptor Signaling Pathway (Enhanced),1.058438728,3.420208348,1.134462604,1.942040024,1.477603814,1.097269889
Pathogenesis of Multiple Sclerosis,1.150183085,3.03811801,0.206871098,2.396649656,0.711570154,0.932149223
Role of IL-17A in Psoriasis,0.291382551,2.438522223,2.783714617,0.229140485,0,0.208150989
Airway Inflammation in Asthma,0.64653082,2.175832065,1.337546507,0.252968518,0,1.184022756
IL-17A Signaling in Gastric Cells,0.426720717,2.558186498,1.878013111,0.526103407,0.319978962,0.604408606
Androgen Biosynthesis,0,3.00018698,0.474202633,0,0,0
Lipid particle organization,0,2.128099491,0.322106102,0,0,0.470025455
Glucocorticoid Biosynthesis,0,1.458256727,0.409625179,0,0,0
Mineralocorticoid Biosynthesis,0,1.524252483,0,0,0,0
Peptide hormone biosynthesis,0,1.524252483,0,0.320539716,0,0.249574023
Estrogen Biosynthesis,0.393659223,2.400275948,0.290178788,0.291374614,0,1.502892647
GABA Receptor Signaling,0.908971833,2.454157073,0.900457581,0.953390611,0.571081047,1.244904616
Neurotransmitter uptake and metabolism In glial cells,0.732976468,2.512733348,0,0.705824935,0.849535965,0.617903007
Metabolism of steroid hormones,0,2.936039708,0.848525838,0.512116756,0.855169607,0.381501428
Cholesterol biosynthesis,0,2.622862208,0.978386473,1.208794325,1.261805313,0
Superpathway of Cholesterol Biosynthesis,0,2.3807313,0.463549752,1.179429099,0.643541674,0
Mitochondrial biogenesis,0,0,0.314746641,3.119294016,3.116007684,0
MyD88:MAL(TIRAP) cascade initiated on plasma membrane,0.457053817,0,0,2.482443652,3.4594886,0.270136779
Insulin processing,0,0,0,2.616935663,3.395399668,0
TGF-Î² Signaling,0.694182866,0.744840654,0.562020454,1.02673433,4.370614846,1.953517762
RHO GTPases Activate Formins,0,0.400939502,0,0.864269866,4.220107867,1.641159725
RAB GEFs exchange GTP for GDP on RABs,0.547693215,0,0.370914698,1.372084536,5.155255075,0.260864003
BMP signaling pathway,0.521758403,0,0.488108712,1.728202038,4.060372708,1.406208842
RET signaling,1.285897895,0.211109163,0.387128928,2.614381491,4.177462503,1.278054972
Circadian Clock,1.138725637,0.403730029,0.598068945,1.823875978,4.171193661,0.252180923
Apelin Muscle Signaling Pathway,0.365612787,1.00867625,0.258350455,1.817685205,3.649214071,0.399537528
Activation of gene expression by SREBF (SREBP),0,1.168922536,1.276717982,0.637398198,3.080932164,0
SNARE Signaling Pathway,0.848820966,1.869493136,1.212927909,0.820910333,3.14830486,0
Mitotic Metaphase and Anaphase,0,0,0,0.438286569,3.749237407,0.652948704
Hereditary Breast Cancer Signaling,0.368331166,0.624202655,1.443605148,0.495393257,3.209038968,1.244878534
Signaling by BMP,0.426720717,0.342938675,0.565451982,0.788170766,3.20075773,0.604408606
Adipogenesis pathway,0.408888182,0.400939502,0.755379141,0.410074956,2.950087746,0.492322983
FGF Signaling,0.561130732,0,2.138798992,1.428448331,3.178225303,1.170362299
Neurotransmitter release cycle,0.492935203,0.630107994,1.755175373,1.212042776,2.71701013,0.55994674
Notch Signaling,0.532031061,0.231251956,1.450147705,1.379876415,2.037825901,0.609931713
Signaling by NOTCH2,0.621473572,0.262151111,0.893372892,1.407223803,2.035507801,0.725296433
PI Metabolism,0,0,0.889112663,1.80912904,3.34672238,1.022945739
Signaling by NOTCH1,0.26042334,0.268917798,1.00982644,1.309891857,3.337461282,1.128896627
Rap1 signalling,0,0,0.303388269,2.018604994,3.304670536,0.53877272
Kinetochore Metaphase Signaling Pathway,0,0.332021515,0.818629652,2.016736704,2.801981506,0.344964187
Î³-glutamyl Cycle,0.338578036,0,0.933718123,1.608491482,2.784156458,0.725157517
Extrinsic Prothrombin Activation Pathway,0.252774382,0,1.137091406,2.669516002,0.265767844,1.727792574
Xenobiotic Metabolism PXR Signaling Pathway,0.961214748,0,0,2.383746439,0,1.207705757
Tumoricidal Function of Hepatic Natural Killer Cells,0.471427556,0,0,2.809437805,0,1.718202716
Signaling by MST1,0.646734206,0,2.041209386,3.386074237,0.67915206,0.535185091
Interleukin-12 family signaling,0.580203157,0.429292926,1.330764404,3.773271072,0.927571614,0.410414509
Cargo concentration in the ER,1.059641431,0.262151111,0.893372892,3.769712573,1.238247497,0.401046099
Trehalose Degradation II (Trehalase),3.720610378,1.988605083,0,0.345287255,0,1.128120846
UDP-N-acetyl-D-galactosamine Biosynthesis II,2.515019015,1.458256727,0,0.270870818,0.755140516,1.292031251
Glucose and Glucose-1-phosphate Degradation,2.657358631,1.524252483,0,0.320539716,0,0.725157517
GDP-glucose Biosynthesis,2.816056337,1.596865601,0,0.379954087,0.22699607,0.785712342
Activation of the pre-replicative complex,2.278533758,0.755982044,0,0.408161446,0,0
Citrulline-Nitric Oxide Cycle,1.649040878,0,0,0,0.211725789,0
Heparan Sulfate Biosynthesis,1.45299631,0,0,0.364728346,0,0.40561549
Metabolism of folate and pterines,1.615129874,0,0,0.545204482,0,0.671108706
OAS antiviral response,2.082526312,0,0.206871098,1.000528013,0.711570154,0.334980726
Dermatan Sulfate Biosynthesis (Late Stages),2.510258166,0,0,0.449210045,0,0.944786662
Purine Nucleotides Degradation II (Aerobic),2.705007916,0.446904015,0.227523074,0.712434396,0.651818111,0.889086093
Phospholipases,2.67265765,0.674151197,0,0.564999996,0.685705118,1.059089321
Dermatan Sulfate Biosynthesis,2.414369676,0,0,1.248523586,0,0.616944375
Chondroitin Sulfate Biosynthesis,2.510993329,0.386305764,0,1.379546768,0,0.658577535
Purine Ribonucleosides Degradation to Ribose-1-phosphate,2.242332271,0.769976918,0.23814407,1.178951585,0.380577305,1.022298496
Adenosine Nucleotides Degradation II,2.161140563,0.507426273,0.303388269,1.000905041,0.265767844,0.53877272
Chondroitin Sulfate Biosynthesis (Late Stages),2.349543989,0.462049383,0,0.884923234,0,0.855775215
VDR/RXR Activation,1.396403926,1.470326054,0.769950719,0.56181948,0.427115176,0
RHO GTPases Activate Rhotekin and Rhophilins,1.150183085,0.723701984,1.252458424,1.616773542,0.711570154,0
nNOS Signaling in Skeletal Muscle Cells,1.506894896,1.00867625,0.951150443,0.71148852,0.700593993,0.670008244
nNOS Signaling in Neurons,1.546856252,0.531268711,0.991902477,1.267044415,0.744650751,1.043794531
Macrophage Classical Activation Signaling Pathway,1.563249936,1.146687456,0,1.213708709,0,1.563253431
Surfactant metabolism,1.59390813,0.382475814,0.691984702,0.454487853,0,1.200368953
Leukotriene Biosynthesis,1.526452547,0,0.780190553,0.229140485,0.34878318,1.208687494
Other interleukin signaling,1.531713646,0,1.039076044,0,0.645014969,1.143731257
mRNA Editing,1.067470572,0.68280273,0.564799155,0.45150502,0.268614376,1.604522194
NRF2-mediated Oxidative Stress Response,0.669280801,0.505952464,0.723760361,0.795632592,0,2.021172706
Maturity Onset Diabetes of Young (MODY) Signaling,1.006538762,1.44988796,0.54405013,0.530643983,0.540323751,1.436729322
Assembly and cell surface presentation of NMDA receptors,0.782348458,0.584982705,0.345073903,0.378231801,0.947449353,1.648760806
MHC class II antigen presentation,1.006792239,0.781974247,0,0.391701232,0.863000393,1.385703659
Trafficking and processing of endosomal TLR,2.515019015,1.458256727,0.409625179,1.42304098,0.400269241,0.671108706
Signaling by TGF-beta Receptor Complex,2.349543989,1.476280852,0.7709715,1.395864498,1.192964462,1.216020471
Prostanoid Biosynthesis,1.94386493,0,1.130910018,1.397011038,1.103555386,1.604522194
Integrin signaling,2.006865732,0,0.275117825,1.020050045,1.47847361,0.993034066
G-protein beta:gamma signalling,1.698642357,0.279664286,0.380702178,1.247229668,1.050043234,1.231957565
PFKFB4 Signaling Pathway,1.46817371,0.988332458,0,0.877896545,1.151447383,1.371613939
Apelin Cardiac Fibroblast Signaling Pathway,1.59390813,1.012044478,0.691984702,0.713757052,1.466991575,1.200368953
Presynaptic depolarization and calcium channel opening,1.712969016,1.524252483,0.454588134,0.320539716,1.373006505,1.384495911
Amyotrophic Lateral Sclerosis Signaling,1.473877915,0.865370694,1.789917993,1.352764356,1.769777841,1.927843048
G alpha (s) signalling events,1.532170309,1.295704901,1.19242065,1.634221108,0.917870893,2.101712765
Adrenergic Receptor Signaling Pathway (Enhanced),1.943102191,1.037854283,0.634753969,1.135335274,0.989553288,1.844092112
Regulation of eIF4 and p70S6K Signaling,1.947437688,0.867773847,1.045744103,1.356394005,1.617737758,1.39667721
Role of MAPK Signaling in Inhibiting the Pathogenesis of Influenza,1.368582833,0.96333975,0.978315457,1.253271768,1.587068896,1.813728137
Interferon gamma signaling,2.152188952,0,1.016170145,1.787422081,0,2.027588538
Detoxification of Reactive Oxygen Species,1.451313636,0,0.274557105,1.471860468,0.514307622,1.994302662
Aryl Hydrocarbon Receptor Signaling,1.553456901,0.302167052,0.569117415,0,1.120696663,2.684292755
GADD45 Signaling,0.748520414,0.796799025,0,0,0.836597676,3.287872488
NOD1/2 Signaling Pathway,1.563249936,1.146687456,0.53563258,0.513055238,0.744765955,3.456511369
LPS/IL-1 Mediated Inhibition of RXR Function,1.480717488,0.853918872,0,0.7942307,0,2.696923298
CGAS-STING Signaling Pathway,1.041761386,0.656103026,0,0.83277288,0,3.000697745
Signal regulatory protein family interactions,1.371341931,0,0,0.631356715,0.527780723,2.513733377
Xenobiotic Metabolism CAR Signaling Pathway,0.764728549,0.335532583,0,1.05171134,0,2.282460603
Fcgamma receptor (FCGR) dependent phagocytosis,0.793116245,0,0,0.341680553,0,2.072278424
Transcriptional regulation by RUNX2,0.327483793,1.529738109,0.58092967,0.771975347,0.582165382,2.218506513
FXR/RXR Activation,0.481605336,1.530593744,0,1.440892909,0.313314087,2.480051575
eNOS Signaling,1.278870022,0.524594164,0.730189417,2.001606903,0.597805958,3.088645199
Role of MAPK Signaling in the Pathogenesis of Influenza,0.618214996,0.892038851,0.625575511,1.42790658,1.318320172,2.443862579
G alpha (z) signalling events,1.048205156,0.518855422,0.436184258,1.194554575,0.700593993,2.399463202
TNFs bind their physiological receptors,0.759868792,0.844875314,0.77247223,1.179429099,0.643541674,2.611696062
PCP (Planar Cell Polarity) Pathway,0,0.394902516,2.610537245,0,0.635282674,2.735246041
Apelin Liver Signaling Pathway,0.825815344,0,1.289528371,0.718432757,0.757642824,2.805808414
IL-13 Signaling Pathway,0.427236908,0,1.514847723,0.994432633,0.313567676,2.288206167
Valine Degradation I,0,0.429292926,1.330764404,0.636737732,0.588605404,2.826758218
Branched-chain amino acid catabolism,0,0.465700576,0.981484364,0.490456911,0.722210235,2.269582825
Necroptosis Signaling Pathway,0,0.319744405,0,0.554165694,2.059208762,2.130363103
Cancer Drug Resistance by Drug Efflux,0,0,0.418900463,0.84157653,2.118631594,1.854783055
Branched-chain Î±-keto acid Dehydrogenase Complex,0,0,0.45557647,0.705824935,1.741461434,1.614121858
TWEAK Signaling,0.254481677,0.238510615,0.486940762,0.862368065,1.725296061,1.467743516
Lysine Degradation II,0,0,0.380183761,0,1.403347942,1.41174748
Activation of IRF by Cytosolic Pattern Recognition Receptors,0.389772433,0,0.299915776,0.293194353,1.597786938,1.556442992
Sumoylation Pathway,0.595493533,0,0,0,1.565925507,1.715009381
Signaling by Activin,0.271156995,0,0,0,1.485086832,1.829656727
Signaling by ALK,0,0,0.819036667,1.275794339,0.698299408,2.037734014
p38 MAPK Signaling,0.255270654,0.28119351,0.614902101,1.082947761,0.887388204,1.864781384
Metabolism of porphyrins,0,0,0.691984702,1.039903667,0.234377148,1.795756939
Prednisone ADME,0,0,0.633181165,1.000528013,0.318981277,1.737689472
Effects of PIP2 hydrolysis,0.825815344,0,0.529063525,1.020050045,1.086790335,2.117777368
Beta-catenin independent WNT signaling,0.865166763,0,0.61827704,0.518287207,1.168787786,1.747222692
Interleukin-15 signaling,0.291382551,0,0,0.815329008,1.099867042,1.941217549
Transcriptional regulation of granulopoiesis,0.604473608,0,0.373604434,0.285834132,0.790934856,1.72730964
Interleukin-1 processing,0.433195568,0,0,0.538453048,0.711570154,1.737689472
Î²-alanine Degradation I,0,0,0.712322757,0.424301271,0,2.352973215
Interleukin-9 signaling,0,0,0.206871098,1.000528013,0.318981277,2.724669456
Dissolution of Fibrin Clot,0.313737681,0,0,0,0,2.97141781
TCR signaling,0,0,0,0,0,2.75863311
Ethanol Degradation II,0,0.253941566,0,0,0,2.75085369
Carboxyterminal post-translational modifications of tubulin,0.732916208,0.557275879,0,0,0,1.549788325
Cyclins and Cell Cycle Regulation,0,0.507487446,0,0,0.524707921,1.596846845
Noradrenaline and Adrenaline Degradation,0.254481677,0.238510615,0,0,0,1.994302662
Cell Cycle: G1/S Checkpoint Regulation,0.35512032,0.331958206,0,0,0.400734173,1.848232103
Bupropion Degradation,0,0.950844087,0,0,0,1.645144829
Phase I - Functionalization of compounds,0,0.681809295,0.325433279,0,0,2.11469142
Aspirin ADME,0,0.555914289,0,0,0,1.941217549
Superpathway of Melatonin Degradation,0,0.324946944,0,0.728940297,0,1.409459621
SUMOylation of immune response proteins,0.36635236,0,0,0,0.530287567,1.487869738
Xenobiotic Metabolism AHR Signaling Pathway,0,0,0.400975406,0,0.475095565,1.530585136
Acetate Conversion to Acetyl-CoA,0,0,0.380183761,0,0,1.41174748
Glutamate Degradation III (via 4-aminobutyrate),0,0,0,0,0,1.41174748
Glyoxylate metabolism and glycine degradation,0,0,0,0,0,1.44926243
MAP kinase activation,0,0,0,0.357823458,0.441326478,1.870105836
4-aminobutyrate Degradation I,0,0,0,0.294468169,0,1.895560096
Pyroptosis,0,0,0,0.474862174,0,1.510997795
Metabolism of amine-derived hormones,0.220640853,0.465700576,1.514361719,0,0.417951511,0
"Transport of vitamins, nucleosides, and related molecules",0.474614484,0.211109163,1.687600963,0.448182118,1.384536591,0.28368844
Sphingomyelin Metabolism,0,0,1.394981355,0.645415868,0.830592623,0
LGI-ADAM interactions,0,0,1.326000711,0.815329008,1.099867042,0
Oleate Biosynthesis II (Animals),0,0,2.519718771,0,0,0.274352301
Intestinal absorption,0,0,2.041209386,0.546660143,0.211725789,0.535185091
Basal Cell Carcinoma Signaling,0.313701079,0,1.876847956,0.614518658,0.763622401,1.30878363
Transcriptional regulation of testis differentiation,0.313737681,0.583318057,1.436514707,0,0,1.292031251
WNT ligand biogenesis and trafficking,0,0,1.360881543,0.32322476,0.319978962,1.040337429
mTOR Signaling,0.420793446,0.431932224,0,2.054437849,2.886809758,1.792984315
Salvage Pathways of Pyrimidine Ribonucleotides,0.450921824,1.135802087,0,1.602879602,2.170779766,1.238096015
HIPPO signaling,0,0,0,1.800414113,2.309685678,1.224954826
Pyridoxal 5'-phosphate Salvage Pathway,0,0.725543856,0,1.647422293,2.249047042,0.852197352
Intra-Golgi and retrograde Golgi-to-ER traffic,0,0.488079301,0,1.475486513,2.72939599,1.072828974
Interleukin-7 signaling,0,0.412749722,0.438039181,1.702552164,1.709484211,1.966227575
Induction of Apoptosis by HIV1,0,0.354070688,0,1.374584758,1.062005614,2.450464829
WNK Renal Signaling Pathway,0.798899882,0,0.915158795,1.77662303,1.655008444,1.304823649
Role of MAPK Signaling in Promoting the Pathogenesis of Influenza,0.68078497,0.310622838,0.562200104,1.346727888,2.246748808,1.39664583
ISGylation Signaling Pathway,1.045513156,0.343299721,0.674644659,1.239415037,1.797350291,1.903523456
3-phosphoinositide Biosynthesis,0.45695017,0,0.636160657,1.568283329,2.028710323,1.905755289
Netrin Signaling,1.006286968,0,0.601827196,1.586843384,2.244229186,2.191161051
Melatonin Signaling,0,0,0,1.987059627,1.734743527,0.977196727
GPER1 signaling,0,0,0.307468414,2.125048301,1.418926116,0.748876673
The citric acid (TCA) cycle and respiratory electron transport,0,0,0,1.535789492,1.079319506,1.546762493
D-myo-inositol-5-phosphate Metabolism,0.28224455,0,0,1.383732165,1.376351431,0.96657593
DAG and IP3 signaling,0.474614484,0,0,1.794743484,1.384536591,1.278054972
Apelin Adipocyte Signaling Pathway,0.521758403,0,0,2.270311026,0.820606319,1.757134176
FLT3 Signaling,0.574726286,0,0,1.95789605,1.091172589,2.0602613
Ephrin B Signaling,0.827037227,0.304914137,0,2.638672344,1.734743527,2.106202431
EPH-Ephrin signaling,0.485088554,0.434738172,0,2.329950943,1.538753752,1.319539673
GPCR-Mediated Integration of Enteroendocrine Signaling Exemplified by an L Cell,1.09901581,0,0,2.695998921,1.548886213,1.21547729
Signaling by CSF3 (G-CSF),0.729381807,0,0,2.822386341,1.594778513,1.335122765
Mitochondrial Dysfunction,0,0.555421921,0.540335354,3.6678836,1.646591408,0.643213379
Iron homeostasis signaling pathway,0.426220576,0,0.488421796,2.800037698,1.777111499,0
Generic Transcription Pathway,0,0,0,3.15251829,1.454597329,0
Cilium Assembly,0,0,0,2.707305706,1.763552611,0
Metabolism of Angiotensinogen to Angiotensins,1.239626719,0,0.250168531,2.219197041,2.165977454,0.942776647
Toll-like Receptor Signaling,1.028865719,0.573665183,0.564820433,1.819609521,1.936204105,0.580754399
Regulation of TLR by endogenous ligand,1.074784745,0,0.793873953,2.824391037,1.239575023,0
Extra-nuclear estrogen signaling,0.807156121,0.627103983,0.912748759,2.213588166,1.395348728,0.444706992
Thrombin signalling through proteinase activated receptors (PARs),1.136845125,0.279664286,0.380702178,2.029974657,1.050043234,0.443499491
RAB geranylgeranylation,1.372397146,0.725543856,0.665393451,2.272926415,1.062005614,0.577936561
Cell Cycle Control of Chromosomal Replication,1.22769051,0.860298643,0,1.761847251,0.79209188,0
Glutamate Receptor Signaling,0.957656136,1.747711092,0.639700546,1.864645679,1.013982282,0
Granzyme A Signaling,0,1.025409395,0.297041508,2.695998921,0,0.24773603
Oxidative Phosphorylation,0,0.934348155,0,1.660509769,0,0
Zymosterol Biosynthesis,0,0.885102395,0.322106102,1.691824593,0.553566589,0
Cell Cycle: G2/M DNA Damage Checkpoint Regulation,0,0.96854463,0,1.636589446,0.438357759,0
Cholesterol Biosynthesis I,0,1.458256727,0.409625179,1.42304098,0.755140516,0.227656282
Cholesterol Biosynthesis III (via Desmosterol),0,1.458256727,0.409625179,1.42304098,0.755140516,0.227656282
"Cholesterol Biosynthesis II (via 24,25-dihydrolanosterol)",0,1.458256727,0.409625179,1.42304098,0.755140516,0.227656282
PI3K Cascade,0.424056874,0,1.501249173,2.238170793,1.172933675,0
Signaling by FGFR3,0,0.217565865,1.331921983,1.535888077,1.132154699,0
Signaling by Leptin,0.36635236,0,1.025742778,1.825606116,0.969045284,0.274352301
Growth hormone receptor signaling,0,0,1.039076044,1.74888732,0.967903854,0.6725142
trans-Golgi Network Vesicle Budding,0.294839797,0.615961836,0,2.12929771,0.882728253,0
Sphingolipid metabolism,0,0,0.270432252,2.28870471,0.780795281,0
Calcium Transport I,0.397638058,0,0.564799155,2.083611302,0.6130039,0.30256791
Cytoprotection by HMOX1,0,0,0.526050115,2.213635416,0.753968363,0.63742055
Serine biosynthesis,0,0,0.23814407,1.887066206,0.830592623,0.372620248
Pyrimidine Ribonucleotides Interconversion,0,0.217565865,0.409998222,2.306757047,1.46291771,0.297948324
Pyrimidine Ribonucleotides De Novo Biosynthesis,0,0.198903102,0.563563931,2.357177349,1.239775815,0.257253513
NR1H2 and NR1H3-mediated signaling,0.339700385,0,0.608460817,1.975094786,1.384155831,0
Mechanisms of Viral Exit from Host Cells,0,0,0.921409884,1.794743484,1.067097118,0
Transcription from mitochondrial promoters,0,0,0.558582081,2.03144215,1.098158668,0
Ceramide Biosynthesis,0,0,0.809286029,2.230545332,0.976927672,0
Phase II - Conjugation of compounds,0,0,0.272157018,2.093030363,0.300064862,1.117521367
Amyloid Processing,0,0,0.838618643,2.238337328,0,0.599832805
Parkinson's Signaling,0,0,0.657331372,2.669516002,0.265767844,0.53877272
"Electron transport, ATP synthesis, and heat production by uncoupling proteins",0,0.468711989,0,2.364872942,0,0
Glycogen Biosynthesis II (from UDP-D-Glucose),0,0,0,2.230545332,0,0.416930211
DNA Damage Reversal,0,0,0,1.887066206,0,0
RNA Polymerase II Transcription,0,0,0,2.052871645,0.284084158,0
Glycoaminoglycan-protein Linkage Region Biosynthesis,0.521660248,0,0.275851741,1.402311128,0,0
Glycine Degradation (Creatine Biosynthesis),0,0,0,1.354227319,0.499281701,0
Processing of Capped Intron-Containing Pre-mRNA,0,0,0,1.389485558,0,0
UDP-D-xylose and UDP-D-glucuronate Biosynthesis,0,0,0,1.354227319,0,0
Glycogen metabolism,0,0,0.646637095,1.316095753,0,0.317397795
Cellular hexose transport,0,0.397173239,1.174118849,1.5616732,0,0.360386875
1D-myo-inositol Hexakisphosphate Biosynthesis II (Mammalian),0,0,0.604770215,1.31718974,0.800810965,0
Ceramide Degradation,0.521660248,0,0.809286029,1.402311128,0.456970549,0
SUMOylation of DNA methylation proteins,0.252774382,0,0,1.463019759,0.265767844,0.53877272
rRNA processing,0,0.27071765,0,1.506895965,0,0.757838866
Late endosomal microautophagy,0.291853825,0.262151111,0.334030748,1.407223803,0.645127158,0.401046099
Vasopressin regulates renal water homeostasis via Aquaporins,0,0.584982705,0,1.599372588,0.697276195,0.493040703
MYC Mediated Apoptosis Signaling,0,0,0,1.060702806,0.619473096,1.330755736
RHO GTPases Activate WASPs and WAVEs,0.266308204,0,0,1.569746059,0.55485966,1.052976148
Nucleotide catabolism,0,0,0.434040469,1.443668175,0.869535309,0.86604562
GDP-L-fucose Biosynthesis II (from L-fucose),0,0,0.712322757,1.354227319,0.499281701,0.890036056
Asparagine N-linked glycosylation,0,0.289016327,0.406473384,1.34189972,0.341342961,0.828088902
Neddylation,0,0,0,1.46061739,2.726086474,0
Oxytocin in Spinal Neurons Signaling Pathway,0.597562049,0,0.546127684,1.673977526,2.884064402,0
Sirtuin Signaling Pathway,0.53877951,0.860193736,0.528407509,1.36968922,2.43846017,0
Signaling by FGFR1,0,0.49512544,0.608460817,1.331755621,2.076773015,0
RHO GTPases activate PKNs,0,0.319797457,0.495163721,0.936973315,2.301904964,0
ISG15 antiviral mechanism,0,0,0,0.650848872,3.225258182,0
MyD88-independent TLR4 cascade,0.254481677,0.238510615,0,0.623785848,3.124964541,0.34542403
Toll Like Receptor 3 (TLR3) Cascade,0,0.279664286,0,0.449185338,2.787352812,0.443499491
MyD88 dependent cascade initiated on endosome,0.335572959,0.289016327,0,0.313107011,2.405152404,0.466569643
Cell Cycle Checkpoints,0,0.537832592,0,0.762102628,2.648390964,0
Role of BRCA1 in DNA Damage Response,0,0.257999317,0,0.500916204,2.430013126,0
HDR through Homologous Recombination (HRR) or Single Strand Annealing (SSA),0,0.321134504,0,0.392352352,2.093418311,0
Signaling by Type 1 Insulin-like Growth Factor 1 Receptor (IGF1R),0.236000353,0,0.275337558,0.89296939,2.350456248,0
SUMOylation of DNA damage response and repair proteins,0,0,0,0.794396349,2.403954187,0
Mitotic Prophase,0,0,0,0.913303453,2.081022284,0
Ferroptosis Signaling Pathway,0,0.734298957,0,0.840818504,1.609846664,0.291028344
Translocation of SLC2A4 (GLUT4) to the plasma membrane,0,1.09250878,0,0.500097071,1.510587729,0
TP53 Regulates Transcription of Cell Death Genes,0.757171138,0,0.535481172,0.505039895,1.494462749,0
Hypoxia Signaling in the Cardiovascular System,0.750430345,0,0.283905242,0.48566376,1.770306206,0.402847652
Transcriptional regulation of white adipocyte differentiation,0.618214996,0.237605906,0.625575511,0,2.138024698,0
Catecholamine Biosynthesis,0.732976468,0,0.45557647,0,1.741461434,0
Hematopoiesis from Multipotent Stem Cells,0.929335066,0.613279933,0,0,1.373006505,0.249574023
Superpathway of Citrulline Metabolism,0.725283183,0,0,0,1.347990833,0
RHO GTPases Activate ROCKs,0.612441144,0,0,0.229766676,1.466477881,0.438561746
TNFR1 Signaling,0.604473608,0,0,0,1.317479436,0.599832805
Myo-inositol Biosynthesis,0,0,0.380183761,0,1.403347942,0.535185091
Cytosolic iron-sulfur cluster assembly,0.313737681,0,0,0.270870818,1.814899472,0
Signaling by EGFR,0.339700385,0,0,0.310833763,2.076773015,0
RAN Signaling,0,0,0,0.306190172,1.74246376,0
E3 ubiquitin ligases ubiquitinate target proteins,0,0,0,0.434084562,1.356285091,0
XBP1(S) activates chaperone genes,0,0,0,0.71148852,1.527116752,0
B-WICH complex positively regulates rRNA expression,0,0,0,0.538561473,1.560591412,0
Fatty acyl-CoA biosynthesis,0,0,0,0,1.931724759,0.263475096
MyD88 cascade initiated on plasma membrane,0,0,0,0,1.697988179,0.298142619
Polyamine Regulation in Colon Cancer,0.244855603,0,0.39957417,0.322238374,1.395013904,0
RHO GTPases activate CIT,0.206533409,0,0.227523074,0.229766676,1.466477881,0
DDX58/IFIH1-mediated induction of interferon-alpha/beta,0,0,0,0,1.328446845,0.364762163
Cysteine Biosynthesis/Homocysteine Degradation,0,0,0,0,1.521948495,0
Protein Ubiquitination Pathway,0,0,0,0,1.407195212,0
RNA polymerase II transcribes snRNA genes,0,0,0,0,1.368668866,0
Regulation of TP53 Activity through Phosphorylation,0,0,0,0,1.350085058,0
Signaling by Hippo,0,0,0,0,1.347681835,0
Signaling by NTRK1 (TRKA),0.664791291,0.252725582,0,1.613668512,1.743840289,0.531253341
MAPK targets/ Nuclear events mediated by MAP kinases,0.64653082,0,0,1.159087072,1.318987251,0.421686473
Protein folding,0.936824428,0,0.378023855,1.545002209,1.343100262,0.482960063
Triglyceride metabolism,0,0.735921921,0.334030748,1.407223803,1.238247497,0
Spermidine Biosynthesis I,0,0,0.712322757,1.354227319,1.521948495,0
"Gamma carboxylation, hypusine formation and arylsulfatase activation",0,0.211109163,0.624171173,1.444988609,1.384536591,0
Signaling by FGFR4,0,0.211109163,0.624171173,1.444988609,1.745243384,0
Fanconi Anemia Pathway,0,0.231251956,0.727554397,1.379876415,1.632996703,0
COPII-mediated vesicle transport,0.538999563,0,0,1.69749669,2.043842973,0
Endosomal Sorting Complex Required For Transport (ESCRT),0,0.289016327,0,1.727759338,1.924043085,0
Energy dependent regulation of mTOR by LKB1-AMPK,0,0.309050663,0,1.55317909,1.699505775,0
Clathrin-mediated endocytosis,0.325878881,0.238389415,0,1.567015433,1.245417476,0
Myogenesis,0.368945875,0,0.236171579,1.55317909,1.288879172,0.233245284
Metabolism of nitric oxide: NOS3 activation and regulation,0.271156995,0,0,1.627818501,1.485086832,0.190703195
Amino acids regulate mTORC1,0,0,0,1.535789492,1.079319506,0
Macroautophagy,0,0,0,1.12846724,1.315319386,0
Formation of WDR5-containing histone-modifying complexes,0,0.204892283,0,1.359188675,1.310236248,0
RHO GTPases activate KTN1,0,0.646248938,1.025742778,0.733503619,1.541653259,0.785712342
Signaling by NTRK2 (TRKB),0,0,0.978386473,0.582599039,1.697988179,0.637374049
Factors involved in megakaryocyte development and platelet production,0.321233606,0,1.1067374,0.880508868,1.700938578,0.393522104
Regulation of lipid metabolism by PPARalpha,0,0,0.809153186,0.546954544,1.963089084,0
RORA activates gene expression,0.220640853,0,0.981484364,0.490456911,2.165977454,0.469126937
Mitotic Telophase/Cytokinesis,0,0,0.409625179,0.928669585,2.518572699,0.671108706
TNF signaling,0,0.422111726,0,1.124489326,2.204852858,0.481257516
MicroRNA Biogenesis Signaling Pathway,0,0,0.424205283,1.527425105,2.047935283,0.712780528
Regulation of cholesterol biosynthesis by SREBP (SREBF),0,0,0.715511272,1.123306402,2.084197694,1.133081097
Huntington's Disease Signaling,0.733516802,0,0.406562365,0.846851753,2.114155998,0.693967065
NAD Signaling Pathway,0.460203329,0.333593542,0.537683155,1.325019951,1.755763837,0.864199159
Androgen Signaling,0.475381476,0.457743867,0.334040712,1.320325049,2.077032428,0.625712469
Activation of kainate receptors upon glutamate binding,0.351795563,0.298801574,0.434040469,1.090266628,2.041883162,0.49098999
Activation of NMDA receptors and postsynaptic events,0,0.516383273,0,0.65647283,1.84177559,0.973704887
Transcriptional activity of SMAD2/SMAD3:SMAD4 heterotrimer,0.35240234,0,0,0.664236083,1.453979962,0.383147524
Cardiomyocyte Differentiation via BMP Receptors,0.406324227,0,0,0.718432757,1.931724759,0.263475096
Class I peroxisomal membrane protein import,0.19354065,0,0,0.967586672,1.84766728,0.410414509
Signaling by ERBB2,0,0,0.39344571,0.619764458,1.71244499,0.622332328
ATM Signaling,0.250738954,0,0.490724709,0.863774095,1.477542539,0.298741224
Miscellaneous transport and binding events,0,0,0.297025839,0.788170766,1.584126683,0.28020572
"Superpathway of D-myo-inositol (1,4,5)-trisphosphate Metabolism",0,0,0.404902703,0.789852744,1.583035663,0.360386875
CDP-diacylglycerol Biosynthesis I,0.387095554,0,0.254880677,0.654662379,1.380276617,0.948348076
YAP1- and WWTR1 (TAZ)-stimulated gene expression,0,0,0.334750873,0.717042752,1.485086832,1.133081097
Signaling by ERBB4,0,0,0.598068945,0.451332033,1.395013904,1.017269753
"D-myo-inositol (1,3,4)-trisphosphate Biosynthesis",0,0,0.604770215,1.31718974,1.225603252,0.502411296
Signaling by NTRK3 (TRKC),0.236000353,0,0.604770215,1.31718974,1.225603252,0.502411296
Mitotic Roles of Polo-Like Kinase,0,0,0.423640773,1.248157361,1.472173828,1.117521367
3-phosphoinositide Degradation,0,0,0.392394866,1.114406029,1.373518956,0.675954232
"D-myo-inositol (3,4,5,6)-tetrakisphosphate Biosynthesis",0,0,0.312687684,1.193729186,1.402345471,0.819467951
"D-myo-inositol (1,4,5,6)-Tetrakisphosphate Biosynthesis",0,0,0.312687684,1.193729186,1.402345471,0.819467951
